INFO         | Android emulator version 36.2.12.0 (build_id 14214601) (CL:N/A)
INFO         | Graphics backend: gfxstream
INFO         | Found systemPath /Users/songyuanjin/Library/Android/sdk/system-images/android-36/google_apis_playstore_ps16k/arm64-v8a-3/
WARNING      | Please update the emulator to one that supports the feature(s): VulkanVirtualQueue
INFO         | Guest GLES Driver: Auto (ext controls)
library_mode swiftshader_indirect gpu mode swiftshader_indirect
INFO         | Checking system compatibility:
INFO         |   Checking: hasSufficientDiskSpace
INFO         |      Ok: Disk space requirements to run avd: `phytoy_16k` are met
INFO         |   Checking: hasSufficientHwGpu
INFO         |      Ok: Hardware GPU compatibility checks are not required
INFO         |   Checking: hasSufficientSystem
INFO         |      Ok: System requirements to run avd: `phytoy_16k` are met
INFO         | Storing crashdata in: /tmp/android-songyuanjin/emu-crash-36.2.12.db, detection is enabled for process: 6017
INFO         | Initializing hardware OpenGLES emulation support
INFO         | android_startOpenglesRenderer: gpu info
INFO         | 
INFO         | HealthMonitor disabled.
INFO         | initIcdPaths: ICD set to 'swiftshader', using Swiftshader ICD
INFO         | Setting ICD filenames for the loader = /Users/songyuanjin/Library/Android/sdk/emulator/lib64/vulkan/vk_swiftshader_icd.json
INFO         | SharedLibrary::open for [/Users/songyuanjin/Library/Android/sdk/emulator/qemu/darwin-aarch64/lib64/vulkan/libvulkan.dylib]
INFO         | SharedLibrary::open for [/Users/songyuanjin/Library/Android/sdk/emulator/qemu/darwin-aarch64/lib64/vulkan/libvulkan.dylib]: not found in map, open for the first time
INFO         | SharedLibrary::open for [/Users/songyuanjin/Library/Android/sdk/emulator/qemu/darwin-aarch64/lib64/vulkan/libvulkan.dylib] (posix): begin
INFO         | SharedLibrary::open for [/Users/songyuanjin/Library/Android/sdk/emulator/qemu/darwin-aarch64/lib64/vulkan/libvulkan.dylib] (posix,darwin): call dlopen
INFO         | SharedLibrary::open succeeded for [/Users/songyuanjin/Library/Android/sdk/emulator/qemu/darwin-aarch64/lib64/vulkan/libvulkan.dylib].
INFO         | Added library: /Users/songyuanjin/Library/Android/sdk/emulator/qemu/darwin-aarch64/lib64/vulkan/libvulkan.dylib
INFO         | Selecting Vulkan device: SwiftShader Device (LLVM 10.0.0), Version: 1.3.0
INFO         | Disabling sparse binding feature support
INFO         | SharedLibrary::open for [libGLESv2.dylib]: not found in map, open for the first time
INFO         | SharedLibrary::open for [libGLESv2.dylib] (posix): begin
INFO         | SharedLibrary::open for [libGLESv2.dylib] (posix,darwin): call dlopen
INFO         | SharedLibrary::open succeeded for [libGLESv2.dylib].
INFO         | SharedLibrary::open for [libEGL.dylib]: not found in map, open for the first time
INFO         | SharedLibrary::open for [libEGL.dylib] (posix): begin
INFO         | SharedLibrary::open for [libEGL.dylib] (posix,darwin): call dlopen
INFO         | SharedLibrary::open succeeded for [libEGL.dylib].
INFO         | Initializing VkEmulation features:
INFO         |     glInteropSupported: false
INFO         |     useDeferredCommands: true
INFO         |     createResourceWithRequirements: true
INFO         |     useVulkanComposition: false
INFO         |     useVulkanNativeSwapchain: false
INFO         |     enable guestRenderDoc: false
INFO         |     ASTC LDR emulation mode: Gpu
INFO         |     enable ETC2 emulation: true
INFO         |     enable Ycbcr emulation: false
INFO         |     guestVulkanOnly: false
INFO         |     useDedicatedAllocations: false
INFO         | Graphics Adapter Vendor Google (Google Inc. (Google))
INFO         | Graphics Adapter Android Emulator OpenGL ES Translator (ANGLE (Google, Vulkan 1.3.0 (SwiftShader Device (LLVM 10.0.0) (0x0000C0DE)), SwiftShader driver-5.0.0))
INFO         | Graphics API Version OpenGL ES 3.0 (OpenGL ES 3.1.0 (ANGLE 2.1.1 git hash: fbf66f49c7cc))
INFO         | Graphics API Extensions GL_OES_EGL_sync GL_OES_EGL_image GL_OES_EGL_image_external GL_OES_depth24 GL_OES_depth32 GL_OES_element_index_uint GL_OES_texture_float GL_OES_texture_float_linear GL_OES_compressed_paletted_texture GL_OES_compressed_ETC1_RGB8_texture GL_OES_depth_texture GL_OES_texture_half_float GL_OES_texture_half_float_linear GL_OES_packed_depth_stencil GL_OES_vertex_half_float GL_OES_standard_derivatives GL_OES_texture_npot GL_OES_rgb8_rgba8 GL_OVR_multiview2 GL_EXT_color_buffer_float GL_EXT_color_buffer_half_float GL_EXT_texture_format_BGRA8888 GL_APPLE_texture_format_BGRA8888 GL_EXT_draw_buffers_indexed GL_EXT_clip_cull_distance 
INFO         | Graphics Device Extensions N/A
INFO         | Sending adb public key [QAAAAE2CjL17eQNxk/6lqR5MetYBm/ttOUZqo+ogHm+BVgPHYHLkpFhYgfkxuIprlAfatohUaLPaqULHpkqybnRAD+tlrc1z8PDIedELkkElbdHIIuJ/UeRjJ3MkI85JWdI5bRWxB7rTLQmn/UzVZBQCqyOjgFZ5FQ89RlntdNaZMqnDZPat7qobtHR8nQS3pjssPHdaaXGIguzjbyomdOQUIFRRa7c0fEFSGyJrAKVk9JcEOtHsVePe16iiPsipfBEqdTuKotOB4c2h2qN7hrXD6Kjn2tDn7B7Mr45yIM471zHMp9mmrzcUll9DSR5C468kjeTV8DLrQ5Su46yoesPaevRVzuzPO8gBiBc2ZhO3WthIqaxyvNBlhj1H2gJn7KLASWca+UTaBHCuhTp8V7BSKJi+TXOQASCXd8ONBysoDVzPxI5UlX8jBzDAjnAHOhiZoez+qU9599qVXJGxwACfkcx1itYXG+HehIw9vGyuW8tOToUEJUNIKVNeglILYHts8eG8nNifq84DWHyCs6W268c1u/en6DCylvCBxTLXYB+WrBW/X5QoD79PfehOZGrb5e/keJibbFCqiqRZXqEqezI7rOPyxXhHIDFvri+j0q0KdP/4SAQNKY8DnxRR3sIoiUvoNQhCUOFvK2s/2AOM/KtEejz1v4zKJVWJmeAIPIWk8GOdNQEAAQA= songyuanjin@unknown]
INFO         | Userspace boot properties:
INFO         |   androidboot.boot_devices=a003600.virtio_mmio
INFO         |   androidboot.dalvik.vm.heapsize=512m
INFO         |   androidboot.debug.hwui.renderer=skiagl
INFO         |   androidboot.hardware=ranchu
INFO         |   androidboot.hardware.gltransport=pipe
INFO         |   androidboot.hardware.vulkan=ranchu
INFO         |   androidboot.logcat=*:V
INFO         |   androidboot.opengles.version=196609
INFO         |   androidboot.qemu=1
INFO         |   androidboot.qemu.adb.pubkey=QAAAAE2CjL17eQNxk/6lqR5MetYBm/ttOUZqo+ogHm+BVgPHYHLkpFhYgfkxuIprlAfatohUaLPaqULHpkqybnRAD+tlrc1z8PDIedELkkElbdHIIuJ/UeRjJ3MkI85JWdI5bRWxB7rTLQmn/UzVZBQCqyOjgFZ5FQ89RlntdNaZMqnDZPat7qobtHR8nQS3pjssPHdaaXGIguzjbyomdOQUIFRRa7c0fEFSGyJrAKVk9JcEOtHsVePe16iiPsipfBEqdTuKotOB4c2h2qN7hrXD6Kjn2tDn7B7Mr45yIM471zHMp9mmrzcUll9DSR5C468kjeTV8DLrQ5Su46yoesPaevRVzuzPO8gBiBc2ZhO3WthIqaxyvNBlhj1H2gJn7KLASWca+UTaBHCuhTp8V7BSKJi+TXOQASCXd8ONBysoDVzPxI5UlX8jBzDAjnAHOhiZoez+qU9599qVXJGxwACfkcx1itYXG+HehIw9vGyuW8tOToUEJUNIKVNeglILYHts8eG8nNifq84DWHyCs6W268c1u/en6DCylvCBxTLXYB+WrBW/X5QoD79PfehOZGrb5e/keJibbFCqiqRZXqEqezI7rOPyxXhHIDFvri+j0q0KdP/4SAQNKY8DnxRR3sIoiUvoNQhCUOFvK2s/2AOM/KtEejz1v4zKJVWJmeAIPIWk8GOdNQEAAQA= songyuanjin@unknown
INFO         |   androidboot.qemu.avd_name=phytoy_16k
INFO         |   androidboot.qemu.camera_hq_edge_processing=0
INFO         |   androidboot.qemu.camera_protocol_ver=1
INFO         |   androidboot.qemu.cpuvulkan.version=4202496
INFO         |   androidboot.qemu.gltransport.drawFlushInterval=800
INFO         |   androidboot.qemu.gltransport.name=pipe
INFO         |   androidboot.qemu.hwcodec.avcdec=2
INFO         |   androidboot.qemu.hwcodec.hevcdec=2
INFO         |   androidboot.qemu.hwcodec.vpxdec=2
INFO         |   androidboot.qemu.settings.system.screen_off_timeout=2147483647
INFO         |   androidboot.qemu.virtiowifi=1
INFO         |   androidboot.qemu.vsync=60
INFO         |   androidboot.serialno=EMULATOR36X2X12X0
INFO         |   androidboot.vbmeta.digest=bda2c3bae8ada715a552ed32e69174a7464c710bc1d2bf0f51b208b34293972b
INFO         |   androidboot.vbmeta.hash_alg=sha256
INFO         |   androidboot.vbmeta.size=6720
INFO         |   androidboot.veritymode=enforcing
INFO         | Monitoring duration of emulator setup.
INFO         | Setting display: 0 configuration to: 540x960, dpi: 240x240 
INFO         | setDisplayActiveConfig 0
INFO         | Activated packet streamer for uwb emulation
INFO         | Activated packet streamer for bluetooth emulation
INFO         | Boot completed in 45592 ms
INFO         | Increasing screen off timeout, logcat buffer size to 2M.
ERROR        | adb protocol fault (couldn't read status length)
INFO         | Created VkInstance:0x13a636c00 for application:'' engine:''.
INFO         | Destroyed VkInstance:0x13a636c00 for application:'' engine:''.
INFO         | Created VkInstance:0x13cdd7a00 for application:'PhyToyEngine' engine:'PhyToyEngine'.
../../third_party/SwiftShader/src/Vulkan/VkPhysicalDevice.cpp:649 WARNING: UNSUPPORTED: curExtension->sType: 1000338000
../../third_party/SwiftShader/src/Vulkan/VkPhysicalDevice.cpp:649 WARNING: UNSUPPORTED: curExtension->sType: 1000437000
../../third_party/SwiftShader/src/Vulkan/VkPhysicalDevice.cpp:649 WARNING: UNSUPPORTED: curExtension->sType: 1000338000
../../third_party/SwiftShader/src/Vulkan/VkPhysicalDevice.cpp:649 WARNING: UNSUPPORTED: curExtension->sType: 1000437000
../../third_party/SwiftShader/src/Vulkan/VkPhysicalDevice.cpp:649 WARNING: UNSUPPORTED: curExtension->sType: 1000338000
../../third_party/SwiftShader/src/Vulkan/VkPhysicalDevice.cpp:649 WARNING: UNSUPPORTED: curExtension->sType: 1000437000
../../third_party/SwiftShader/src/Vulkan/VkPhysicalDevice.cpp:649 WARNING: UNSUPPORTED: curExtension->sType: 1000338000
../../third_party/SwiftShader/src/Vulkan/VkPhysicalDevice.cpp:649 WARNING: UNSUPPORTED: curExtension->sType: 1000437000
../../third_party/SwiftShader/src/Vulkan/VkPhysicalDevice.cpp:649 WARNING: UNSUPPORTED: curExtension->sType: 1000338000
../../third_party/SwiftShader/src/Vulkan/VkPhysicalDevice.cpp:649 WARNING: UNSUPPORTED: curExtension->sType: 1000437000
../../third_party/SwiftShader/src/Vulkan/VkPhysicalDevice.cpp:649 WARNING: UNSUPPORTED: curExtension->sType: 1000338000
../../third_party/SwiftShader/src/Vulkan/VkPhysicalDevice.cpp:649 WARNING: UNSUPPORTED: curExtension->sType: 1000437000
../../third_party/SwiftShader/src/Vulkan/VkPhysicalDevice.cpp:649 WARNING: UNSUPPORTED: curExtension->sType: 1000338000
../../third_party/SwiftShader/src/Vulkan/VkPhysicalDevice.cpp:649 WARNING: UNSUPPORTED: curExtension->sType: 1000437000
../../third_party/SwiftShader/src/Vulkan/VkPhysicalDevice.cpp:649 WARNING: UNSUPPORTED: curExtension->sType: 1000338000
../../third_party/SwiftShader/src/Vulkan/VkPhysicalDevice.cpp:649 WARNING: UNSUPPORTED: curExtension->sType: 1000437000
INFO         | Created VkDevice:0x121048010 for application:'PhyToyEngine' instance:0x13cdd7a00. ASTC emulation:off CPU decoding:off.
INFO         | Destroyed VkDevice:0x121048010
INFO         | Destroyed VkInstance:0x13cdd7a00 for application:'PhyToyEngine' engine:'PhyToyEngine'.
INFO         | Created VkInstance:0x13bc01e00 for application:'PhyToyEngine' engine:'PhyToyEngine'.
../../third_party/SwiftShader/src/Vulkan/VkPhysicalDevice.cpp:649 WARNING: UNSUPPORTED: curExtension->sType: 1000338000
../../third_party/SwiftShader/src/Vulkan/VkPhysicalDevice.cpp:649 WARNING: UNSUPPORTED: curExtension->sType: 1000437000
../../third_party/SwiftShader/src/Vulkan/VkPhysicalDevice.cpp:649 WARNING: UNSUPPORTED: curExtension->sType: 1000338000
../../third_party/SwiftShader/src/Vulkan/VkPhysicalDevice.cpp:649 WARNING: UNSUPPORTED: curExtension->sType: 1000437000
../../third_party/SwiftShader/src/Vulkan/VkPhysicalDevice.cpp:649 WARNING: UNSUPPORTED: curExtension->sType: 1000338000
../../third_party/SwiftShader/src/Vulkan/VkPhysicalDevice.cpp:649 WARNING: UNSUPPORTED: curExtension->sType: 1000437000
../../third_party/SwiftShader/src/Vulkan/VkPhysicalDevice.cpp:649 WARNING: UNSUPPORTED: curExtension->sType: 1000338000
../../third_party/SwiftShader/src/Vulkan/VkPhysicalDevice.cpp:649 WARNING: UNSUPPORTED: curExtension->sType: 1000437000
../../third_party/SwiftShader/src/Vulkan/VkPhysicalDevice.cpp:649 WARNING: UNSUPPORTED: curExtension->sType: 1000338000
../../third_party/SwiftShader/src/Vulkan/VkPhysicalDevice.cpp:649 WARNING: UNSUPPORTED: curExtension->sType: 1000437000
../../third_party/SwiftShader/src/Vulkan/VkPhysicalDevice.cpp:649 WARNING: UNSUPPORTED: curExtension->sType: 1000338000
../../third_party/SwiftShader/src/Vulkan/VkPhysicalDevice.cpp:649 WARNING: UNSUPPORTED: curExtension->sType: 1000437000
../../third_party/SwiftShader/src/Vulkan/VkPhysicalDevice.cpp:649 WARNING: UNSUPPORTED: curExtension->sType: 1000338000
../../third_party/SwiftShader/src/Vulkan/VkPhysicalDevice.cpp:649 WARNING: UNSUPPORTED: curExtension->sType: 1000437000
../../third_party/SwiftShader/src/Vulkan/VkPhysicalDevice.cpp:649 WARNING: UNSUPPORTED: curExtension->sType: 1000338000
../../third_party/SwiftShader/src/Vulkan/VkPhysicalDevice.cpp:649 WARNING: UNSUPPORTED: curExtension->sType: 1000437000
INFO         | Created VkDevice:0x162798010 for application:'PhyToyEngine' instance:0x13bc01e00. ASTC emulation:off CPU decoding:off.
INFO         | Created VkInstance:0x112960e00 for application:'PhyToyEngine' engine:'PhyToyEngine'.
../../third_party/SwiftShader/src/Vulkan/VkPhysicalDevice.cpp:649 WARNING: UNSUPPORTED: curExtension->sType: 1000338000
../../third_party/SwiftShader/src/Vulkan/VkPhysicalDevice.cpp:649 WARNING: UNSUPPORTED: curExtension->sType: 1000437000
../../third_party/SwiftShader/src/Vulkan/VkPhysicalDevice.cpp:649 WARNING: UNSUPPORTED: curExtension->sType: 1000338000
../../third_party/SwiftShader/src/Vulkan/VkPhysicalDevice.cpp:649 WARNING: UNSUPPORTED: curExtension->sType: 1000437000
../../third_party/SwiftShader/src/Vulkan/VkPhysicalDevice.cpp:649 WARNING: UNSUPPORTED: curExtension->sType: 1000338000
../../third_party/SwiftShader/src/Vulkan/VkPhysicalDevice.cpp:649 WARNING: UNSUPPORTED: curExtension->sType: 1000437000
../../third_party/SwiftShader/src/Vulkan/VkPhysicalDevice.cpp:649 WARNING: UNSUPPORTED: curExtension->sType: 1000338000
../../third_party/SwiftShader/src/Vulkan/VkPhysicalDevice.cpp:649 WARNING: UNSUPPORTED: curExtension->sType: 1000437000
../../third_party/SwiftShader/src/Vulkan/VkPhysicalDevice.cpp:649 WARNING: UNSUPPORTED: curExtension->sType: 1000338000
../../third_party/SwiftShader/src/Vulkan/VkPhysicalDevice.cpp:649 WARNING: UNSUPPORTED: curExtension->sType: 1000437000
../../third_party/SwiftShader/src/Vulkan/VkPhysicalDevice.cpp:649 WARNING: UNSUPPORTED: curExtension->sType: 1000338000
../../third_party/SwiftShader/src/Vulkan/VkPhysicalDevice.cpp:649 WARNING: UNSUPPORTED: curExtension->sType: 1000437000
../../third_party/SwiftShader/src/Vulkan/VkPhysicalDevice.cpp:649 WARNING: UNSUPPORTED: curExtension->sType: 1000338000
../../third_party/SwiftShader/src/Vulkan/VkPhysicalDevice.cpp:649 WARNING: UNSUPPORTED: curExtension->sType: 1000437000
../../third_party/SwiftShader/src/Vulkan/VkPhysicalDevice.cpp:649 WARNING: UNSUPPORTED: curExtension->sType: 1000338000
../../third_party/SwiftShader/src/Vulkan/VkPhysicalDevice.cpp:649 WARNING: UNSUPPORTED: curExtension->sType: 1000437000
INFO         | Created VkDevice:0x162b60010 for application:'PhyToyEngine' instance:0x112960e00. ASTC emulation:off CPU decoding:off.
INFO         | Destroyed VkDevice:0x162b60010
INFO         | Destroyed VkInstance:0x112960e00 for application:'PhyToyEngine' engine:'PhyToyEngine'.
INFO         | Destroyed VkDevice:0x162798010
INFO         | Destroyed VkInstance:0x13bc01e00 for application:'PhyToyEngine' engine:'PhyToyEngine'.
INFO         | Created VkInstance:0x13ce00000 for application:'PhyToyEngine' engine:'PhyToyEngine'.
../../third_party/SwiftShader/src/Vulkan/VkPhysicalDevice.cpp:649 WARNING: UNSUPPORTED: curExtension->sType: 1000338000
../../third_party/SwiftShader/src/Vulkan/VkPhysicalDevice.cpp:649 WARNING: UNSUPPORTED: curExtension->sType: 1000437000
../../third_party/SwiftShader/src/Vulkan/VkPhysicalDevice.cpp:649 WARNING: UNSUPPORTED: curExtension->sType: 1000338000
../../third_party/SwiftShader/src/Vulkan/VkPhysicalDevice.cpp:649 WARNING: UNSUPPORTED: curExtension->sType: 1000437000
../../third_party/SwiftShader/src/Vulkan/VkPhysicalDevice.cpp:649 WARNING: UNSUPPORTED: curExtension->sType: 1000338000
../../third_party/SwiftShader/src/Vulkan/VkPhysicalDevice.cpp:649 WARNING: UNSUPPORTED: curExtension->sType: 1000437000
../../third_party/SwiftShader/src/Vulkan/VkPhysicalDevice.cpp:649 WARNING: UNSUPPORTED: curExtension->sType: 1000338000
../../third_party/SwiftShader/src/Vulkan/VkPhysicalDevice.cpp:649 WARNING: UNSUPPORTED: curExtension->sType: 1000437000
../../third_party/SwiftShader/src/Vulkan/VkPhysicalDevice.cpp:649 WARNING: UNSUPPORTED: curExtension->sType: 1000338000
../../third_party/SwiftShader/src/Vulkan/VkPhysicalDevice.cpp:649 WARNING: UNSUPPORTED: curExtension->sType: 1000437000
../../third_party/SwiftShader/src/Vulkan/VkPhysicalDevice.cpp:649 WARNING: UNSUPPORTED: curExtension->sType: 1000338000
../../third_party/SwiftShader/src/Vulkan/VkPhysicalDevice.cpp:649 WARNING: UNSUPPORTED: curExtension->sType: 1000437000
../../third_party/SwiftShader/src/Vulkan/VkPhysicalDevice.cpp:649 WARNING: UNSUPPORTED: curExtension->sType: 1000338000
../../third_party/SwiftShader/src/Vulkan/VkPhysicalDevice.cpp:649 WARNING: UNSUPPORTED: curExtension->sType: 1000437000
../../third_party/SwiftShader/src/Vulkan/VkPhysicalDevice.cpp:649 WARNING: UNSUPPORTED: curExtension->sType: 1000338000
../../third_party/SwiftShader/src/Vulkan/VkPhysicalDevice.cpp:649 WARNING: UNSUPPORTED: curExtension->sType: 1000437000
INFO         | Created VkDevice:0x160450010 for application:'PhyToyEngine' instance:0x13ce00000. ASTC emulation:off CPU decoding:off.
INFO         | Destroyed VkDevice:0x160450010
INFO         | Destroyed VkInstance:0x13ce00000 for application:'PhyToyEngine' engine:'PhyToyEngine'.
INFO         | Created VkInstance:0x13ce00000 for application:'PhyToyEngine' engine:'PhyToyEngine'.
../../third_party/SwiftShader/src/Vulkan/VkPhysicalDevice.cpp:649 WARNING: UNSUPPORTED: curExtension->sType: 1000338000
../../third_party/SwiftShader/src/Vulkan/VkPhysicalDevice.cpp:649 WARNING: UNSUPPORTED: curExtension->sType: 1000437000
../../third_party/SwiftShader/src/Vulkan/VkPhysicalDevice.cpp:649 WARNING: UNSUPPORTED: curExtension->sType: 1000338000
../../third_party/SwiftShader/src/Vulkan/VkPhysicalDevice.cpp:649 WARNING: UNSUPPORTED: curExtension->sType: 1000437000
../../third_party/SwiftShader/src/Vulkan/VkPhysicalDevice.cpp:649 WARNING: UNSUPPORTED: curExtension->sType: 1000338000
../../third_party/SwiftShader/src/Vulkan/VkPhysicalDevice.cpp:649 WARNING: UNSUPPORTED: curExtension->sType: 1000437000
../../third_party/SwiftShader/src/Vulkan/VkPhysicalDevice.cpp:649 WARNING: UNSUPPORTED: curExtension->sType: 1000338000
../../third_party/SwiftShader/src/Vulkan/VkPhysicalDevice.cpp:649 WARNING: UNSUPPORTED: curExtension->sType: 1000437000
../../third_party/SwiftShader/src/Vulkan/VkPhysicalDevice.cpp:649 WARNING: UNSUPPORTED: curExtension->sType: 1000338000
../../third_party/SwiftShader/src/Vulkan/VkPhysicalDevice.cpp:649 WARNING: UNSUPPORTED: curExtension->sType: 1000437000
../../third_party/SwiftShader/src/Vulkan/VkPhysicalDevice.cpp:649 WARNING: UNSUPPORTED: curExtension->sType: 1000338000
../../third_party/SwiftShader/src/Vulkan/VkPhysicalDevice.cpp:649 WARNING: UNSUPPORTED: curExtension->sType: 1000437000
../../third_party/SwiftShader/src/Vulkan/VkPhysicalDevice.cpp:649 WARNING: UNSUPPORTED: curExtension->sType: 1000338000
../../third_party/SwiftShader/src/Vulkan/VkPhysicalDevice.cpp:649 WARNING: UNSUPPORTED: curExtension->sType: 1000437000
../../third_party/SwiftShader/src/Vulkan/VkPhysicalDevice.cpp:649 WARNING: UNSUPPORTED: curExtension->sType: 1000338000
../../third_party/SwiftShader/src/Vulkan/VkPhysicalDevice.cpp:649 WARNING: UNSUPPORTED: curExtension->sType: 1000437000
INFO         | Created VkDevice:0x131648010 for application:'PhyToyEngine' instance:0x13ce00000. ASTC emulation:off CPU decoding:off.
INFO         | Destroyed VkDevice:0x131648010
INFO         | Destroyed VkInstance:0x13ce00000 for application:'PhyToyEngine' engine:'PhyToyEngine'.
INFO         | Created VkInstance:0x13c4dac00 for application:'PhyToyEngine' engine:'PhyToyEngine'.
../../third_party/SwiftShader/src/Vulkan/VkPhysicalDevice.cpp:649 WARNING: UNSUPPORTED: curExtension->sType: 1000338000
../../third_party/SwiftShader/src/Vulkan/VkPhysicalDevice.cpp:649 WARNING: UNSUPPORTED: curExtension->sType: 1000437000
../../third_party/SwiftShader/src/Vulkan/VkPhysicalDevice.cpp:649 WARNING: UNSUPPORTED: curExtension->sType: 1000338000
../../third_party/SwiftShader/src/Vulkan/VkPhysicalDevice.cpp:649 WARNING: UNSUPPORTED: curExtension->sType: 1000437000
../../third_party/SwiftShader/src/Vulkan/VkPhysicalDevice.cpp:649 WARNING: UNSUPPORTED: curExtension->sType: 1000338000
../../third_party/SwiftShader/src/Vulkan/VkPhysicalDevice.cpp:649 WARNING: UNSUPPORTED: curExtension->sType: 1000437000
../../third_party/SwiftShader/src/Vulkan/VkPhysicalDevice.cpp:649 WARNING: UNSUPPORTED: curExtension->sType: 1000338000
../../third_party/SwiftShader/src/Vulkan/VkPhysicalDevice.cpp:649 WARNING: UNSUPPORTED: curExtension->sType: 1000437000
../../third_party/SwiftShader/src/Vulkan/VkPhysicalDevice.cpp:649 WARNING: UNSUPPORTED: curExtension->sType: 1000338000
../../third_party/SwiftShader/src/Vulkan/VkPhysicalDevice.cpp:649 WARNING: UNSUPPORTED: curExtension->sType: 1000437000
../../third_party/SwiftShader/src/Vulkan/VkPhysicalDevice.cpp:649 WARNING: UNSUPPORTED: curExtension->sType: 1000338000
../../third_party/SwiftShader/src/Vulkan/VkPhysicalDevice.cpp:649 WARNING: UNSUPPORTED: curExtension->sType: 1000437000
../../third_party/SwiftShader/src/Vulkan/VkPhysicalDevice.cpp:649 WARNING: UNSUPPORTED: curExtension->sType: 1000338000
../../third_party/SwiftShader/src/Vulkan/VkPhysicalDevice.cpp:649 WARNING: UNSUPPORTED: curExtension->sType: 1000437000
../../third_party/SwiftShader/src/Vulkan/VkPhysicalDevice.cpp:649 WARNING: UNSUPPORTED: curExtension->sType: 1000338000
../../third_party/SwiftShader/src/Vulkan/VkPhysicalDevice.cpp:649 WARNING: UNSUPPORTED: curExtension->sType: 1000437000
INFO         | Created VkDevice:0x309278010 for application:'PhyToyEngine' instance:0x13c4dac00. ASTC emulation:off CPU decoding:off.
INFO         | Destroyed VkDevice:0x309278010
INFO         | Destroyed VkInstance:0x13c4dac00 for application:'PhyToyEngine' engine:'PhyToyEngine'.
INFO         | Created VkInstance:0x320409800 for application:'PhyToyEngine' engine:'PhyToyEngine'.
../../third_party/SwiftShader/src/Vulkan/VkPhysicalDevice.cpp:649 WARNING: UNSUPPORTED: curExtension->sType: 1000338000
../../third_party/SwiftShader/src/Vulkan/VkPhysicalDevice.cpp:649 WARNING: UNSUPPORTED: curExtension->sType: 1000437000
../../third_party/SwiftShader/src/Vulkan/VkPhysicalDevice.cpp:649 WARNING: UNSUPPORTED: curExtension->sType: 1000338000
../../third_party/SwiftShader/src/Vulkan/VkPhysicalDevice.cpp:649 WARNING: UNSUPPORTED: curExtension->sType: 1000437000
../../third_party/SwiftShader/src/Vulkan/VkPhysicalDevice.cpp:649 WARNING: UNSUPPORTED: curExtension->sType: 1000338000
../../third_party/SwiftShader/src/Vulkan/VkPhysicalDevice.cpp:649 WARNING: UNSUPPORTED: curExtension->sType: 1000437000
../../third_party/SwiftShader/src/Vulkan/VkPhysicalDevice.cpp:649 WARNING: UNSUPPORTED: curExtension->sType: 1000338000
../../third_party/SwiftShader/src/Vulkan/VkPhysicalDevice.cpp:649 WARNING: UNSUPPORTED: curExtension->sType: 1000437000
../../third_party/SwiftShader/src/Vulkan/VkPhysicalDevice.cpp:649 WARNING: UNSUPPORTED: curExtension->sType: 1000338000
../../third_party/SwiftShader/src/Vulkan/VkPhysicalDevice.cpp:649 WARNING: UNSUPPORTED: curExtension->sType: 1000437000
../../third_party/SwiftShader/src/Vulkan/VkPhysicalDevice.cpp:649 WARNING: UNSUPPORTED: curExtension->sType: 1000338000
../../third_party/SwiftShader/src/Vulkan/VkPhysicalDevice.cpp:649 WARNING: UNSUPPORTED: curExtension->sType: 1000437000
../../third_party/SwiftShader/src/Vulkan/VkPhysicalDevice.cpp:649 WARNING: UNSUPPORTED: curExtension->sType: 1000338000
../../third_party/SwiftShader/src/Vulkan/VkPhysicalDevice.cpp:649 WARNING: UNSUPPORTED: curExtension->sType: 1000437000
../../third_party/SwiftShader/src/Vulkan/VkPhysicalDevice.cpp:649 WARNING: UNSUPPORTED: curExtension->sType: 1000338000
../../third_party/SwiftShader/src/Vulkan/VkPhysicalDevice.cpp:649 WARNING: UNSUPPORTED: curExtension->sType: 1000437000
INFO         | Created VkDevice:0x328958010 for application:'PhyToyEngine' instance:0x320409800. ASTC emulation:off CPU decoding:off.
INFO         | Destroyed VkDevice:0x328958010
INFO         | Destroyed VkInstance:0x320409800 for application:'PhyToyEngine' engine:'PhyToyEngine'.
INFO         | Created VkInstance:0x13ced7200 for application:'PhyToyEngine' engine:'PhyToyEngine'.
../../third_party/SwiftShader/src/Vulkan/VkPhysicalDevice.cpp:649 WARNING: UNSUPPORTED: curExtension->sType: 1000338000
../../third_party/SwiftShader/src/Vulkan/VkPhysicalDevice.cpp:649 WARNING: UNSUPPORTED: curExtension->sType: 1000437000
../../third_party/SwiftShader/src/Vulkan/VkPhysicalDevice.cpp:649 WARNING: UNSUPPORTED: curExtension->sType: 1000338000
../../third_party/SwiftShader/src/Vulkan/VkPhysicalDevice.cpp:649 WARNING: UNSUPPORTED: curExtension->sType: 1000437000
../../third_party/SwiftShader/src/Vulkan/VkPhysicalDevice.cpp:649 WARNING: UNSUPPORTED: curExtension->sType: 1000338000
../../third_party/SwiftShader/src/Vulkan/VkPhysicalDevice.cpp:649 WARNING: UNSUPPORTED: curExtension->sType: 1000437000
../../third_party/SwiftShader/src/Vulkan/VkPhysicalDevice.cpp:649 WARNING: UNSUPPORTED: curExtension->sType: 1000338000
../../third_party/SwiftShader/src/Vulkan/VkPhysicalDevice.cpp:649 WARNING: UNSUPPORTED: curExtension->sType: 1000437000
../../third_party/SwiftShader/src/Vulkan/VkPhysicalDevice.cpp:649 WARNING: UNSUPPORTED: curExtension->sType: 1000338000
../../third_party/SwiftShader/src/Vulkan/VkPhysicalDevice.cpp:649 WARNING: UNSUPPORTED: curExtension->sType: 1000437000
../../third_party/SwiftShader/src/Vulkan/VkPhysicalDevice.cpp:649 WARNING: UNSUPPORTED: curExtension->sType: 1000338000
../../third_party/SwiftShader/src/Vulkan/VkPhysicalDevice.cpp:649 WARNING: UNSUPPORTED: curExtension->sType: 1000437000
../../third_party/SwiftShader/src/Vulkan/VkPhysicalDevice.cpp:649 WARNING: UNSUPPORTED: curExtension->sType: 1000338000
../../third_party/SwiftShader/src/Vulkan/VkPhysicalDevice.cpp:649 WARNING: UNSUPPORTED: curExtension->sType: 1000437000
../../third_party/SwiftShader/src/Vulkan/VkPhysicalDevice.cpp:649 WARNING: UNSUPPORTED: curExtension->sType: 1000338000
../../third_party/SwiftShader/src/Vulkan/VkPhysicalDevice.cpp:649 WARNING: UNSUPPORTED: curExtension->sType: 1000437000
INFO         | Created VkDevice:0x133e58010 for application:'PhyToyEngine' instance:0x13ced7200. ASTC emulation:off CPU decoding:off.
INFO         | Destroyed VkDevice:0x133e58010
INFO         | Destroyed VkInstance:0x13ced7200 for application:'PhyToyEngine' engine:'PhyToyEngine'.
INFO         | Created VkInstance:0x11a307a00 for application:'PhyToyEngine' engine:'PhyToyEngine'.
../../third_party/SwiftShader/src/Vulkan/VkPhysicalDevice.cpp:649 WARNING: UNSUPPORTED: curExtension->sType: 1000338000
../../third_party/SwiftShader/src/Vulkan/VkPhysicalDevice.cpp:649 WARNING: UNSUPPORTED: curExtension->sType: 1000437000
../../third_party/SwiftShader/src/Vulkan/VkPhysicalDevice.cpp:649 WARNING: UNSUPPORTED: curExtension->sType: 1000338000
../../third_party/SwiftShader/src/Vulkan/VkPhysicalDevice.cpp:649 WARNING: UNSUPPORTED: curExtension->sType: 1000437000
../../third_party/SwiftShader/src/Vulkan/VkPhysicalDevice.cpp:649 WARNING: UNSUPPORTED: curExtension->sType: 1000338000
../../third_party/SwiftShader/src/Vulkan/VkPhysicalDevice.cpp:649 WARNING: UNSUPPORTED: curExtension->sType: 1000437000
../../third_party/SwiftShader/src/Vulkan/VkPhysicalDevice.cpp:649 WARNING: UNSUPPORTED: curExtension->sType: 1000338000
../../third_party/SwiftShader/src/Vulkan/VkPhysicalDevice.cpp:649 WARNING: UNSUPPORTED: curExtension->sType: 1000437000
../../third_party/SwiftShader/src/Vulkan/VkPhysicalDevice.cpp:649 WARNING: UNSUPPORTED: curExtension->sType: 1000338000
../../third_party/SwiftShader/src/Vulkan/VkPhysicalDevice.cpp:649 WARNING: UNSUPPORTED: curExtension->sType: 1000437000
../../third_party/SwiftShader/src/Vulkan/VkPhysicalDevice.cpp:649 WARNING: UNSUPPORTED: curExtension->sType: 1000338000
../../third_party/SwiftShader/src/Vulkan/VkPhysicalDevice.cpp:649 WARNING: UNSUPPORTED: curExtension->sType: 1000437000
../../third_party/SwiftShader/src/Vulkan/VkPhysicalDevice.cpp:649 WARNING: UNSUPPORTED: curExtension->sType: 1000338000
../../third_party/SwiftShader/src/Vulkan/VkPhysicalDevice.cpp:649 WARNING: UNSUPPORTED: curExtension->sType: 1000437000
../../third_party/SwiftShader/src/Vulkan/VkPhysicalDevice.cpp:649 WARNING: UNSUPPORTED: curExtension->sType: 1000338000
../../third_party/SwiftShader/src/Vulkan/VkPhysicalDevice.cpp:649 WARNING: UNSUPPORTED: curExtension->sType: 1000437000
INFO         | Created VkDevice:0x1408e8010 for application:'PhyToyEngine' instance:0x11a307a00. ASTC emulation:off CPU decoding:off.
INFO         | Destroyed VkDevice:0x1408e8010
INFO         | Destroyed VkInstance:0x11a307a00 for application:'PhyToyEngine' engine:'PhyToyEngine'.
INFO         | Created VkInstance:0x13c4dac00 for application:'PhyToyEngine' engine:'PhyToyEngine'.
../../third_party/SwiftShader/src/Vulkan/VkPhysicalDevice.cpp:649 WARNING: UNSUPPORTED: curExtension->sType: 1000338000
../../third_party/SwiftShader/src/Vulkan/VkPhysicalDevice.cpp:649 WARNING: UNSUPPORTED: curExtension->sType: 1000437000
../../third_party/SwiftShader/src/Vulkan/VkPhysicalDevice.cpp:649 WARNING: UNSUPPORTED: curExtension->sType: 1000338000
../../third_party/SwiftShader/src/Vulkan/VkPhysicalDevice.cpp:649 WARNING: UNSUPPORTED: curExtension->sType: 1000437000
../../third_party/SwiftShader/src/Vulkan/VkPhysicalDevice.cpp:649 WARNING: UNSUPPORTED: curExtension->sType: 1000338000
../../third_party/SwiftShader/src/Vulkan/VkPhysicalDevice.cpp:649 WARNING: UNSUPPORTED: curExtension->sType: 1000437000
../../third_party/SwiftShader/src/Vulkan/VkPhysicalDevice.cpp:649 WARNING: UNSUPPORTED: curExtension->sType: 1000338000
../../third_party/SwiftShader/src/Vulkan/VkPhysicalDevice.cpp:649 WARNING: UNSUPPORTED: curExtension->sType: 1000437000
../../third_party/SwiftShader/src/Vulkan/VkPhysicalDevice.cpp:649 WARNING: UNSUPPORTED: curExtension->sType: 1000338000
../../third_party/SwiftShader/src/Vulkan/VkPhysicalDevice.cpp:649 WARNING: UNSUPPORTED: curExtension->sType: 1000437000
../../third_party/SwiftShader/src/Vulkan/VkPhysicalDevice.cpp:649 WARNING: UNSUPPORTED: curExtension->sType: 1000338000
../../third_party/SwiftShader/src/Vulkan/VkPhysicalDevice.cpp:649 WARNING: UNSUPPORTED: curExtension->sType: 1000437000
../../third_party/SwiftShader/src/Vulkan/VkPhysicalDevice.cpp:649 WARNING: UNSUPPORTED: curExtension->sType: 1000338000
../../third_party/SwiftShader/src/Vulkan/VkPhysicalDevice.cpp:649 WARNING: UNSUPPORTED: curExtension->sType: 1000437000
../../third_party/SwiftShader/src/Vulkan/VkPhysicalDevice.cpp:649 WARNING: UNSUPPORTED: curExtension->sType: 1000338000
../../third_party/SwiftShader/src/Vulkan/VkPhysicalDevice.cpp:649 WARNING: UNSUPPORTED: curExtension->sType: 1000437000
INFO         | Created VkDevice:0x308e08010 for application:'PhyToyEngine' instance:0x13c4dac00. ASTC emulation:off CPU decoding:off.
INFO         | Destroyed VkDevice:0x308e08010
INFO         | Destroyed VkInstance:0x13c4dac00 for application:'PhyToyEngine' engine:'PhyToyEngine'.
INFO         | Created VkInstance:0x112d2cc00 for application:'PhyToyEngine' engine:'PhyToyEngine'.
../../third_party/SwiftShader/src/Vulkan/VkPhysicalDevice.cpp:649 WARNING: UNSUPPORTED: curExtension->sType: 1000338000
../../third_party/SwiftShader/src/Vulkan/VkPhysicalDevice.cpp:649 WARNING: UNSUPPORTED: curExtension->sType: 1000437000
../../third_party/SwiftShader/src/Vulkan/VkPhysicalDevice.cpp:649 WARNING: UNSUPPORTED: curExtension->sType: 1000338000
../../third_party/SwiftShader/src/Vulkan/VkPhysicalDevice.cpp:649 WARNING: UNSUPPORTED: curExtension->sType: 1000437000
../../third_party/SwiftShader/src/Vulkan/VkPhysicalDevice.cpp:649 WARNING: UNSUPPORTED: curExtension->sType: 1000338000
../../third_party/SwiftShader/src/Vulkan/VkPhysicalDevice.cpp:649 WARNING: UNSUPPORTED: curExtension->sType: 1000437000
../../third_party/SwiftShader/src/Vulkan/VkPhysicalDevice.cpp:649 WARNING: UNSUPPORTED: curExtension->sType: 1000338000
../../third_party/SwiftShader/src/Vulkan/VkPhysicalDevice.cpp:649 WARNING: UNSUPPORTED: curExtension->sType: 1000437000
../../third_party/SwiftShader/src/Vulkan/VkPhysicalDevice.cpp:649 WARNING: UNSUPPORTED: curExtension->sType: 1000338000
../../third_party/SwiftShader/src/Vulkan/VkPhysicalDevice.cpp:649 WARNING: UNSUPPORTED: curExtension->sType: 1000437000
../../third_party/SwiftShader/src/Vulkan/VkPhysicalDevice.cpp:649 WARNING: UNSUPPORTED: curExtension->sType: 1000338000
../../third_party/SwiftShader/src/Vulkan/VkPhysicalDevice.cpp:649 WARNING: UNSUPPORTED: curExtension->sType: 1000437000
../../third_party/SwiftShader/src/Vulkan/VkPhysicalDevice.cpp:649 WARNING: UNSUPPORTED: curExtension->sType: 1000338000
../../third_party/SwiftShader/src/Vulkan/VkPhysicalDevice.cpp:649 WARNING: UNSUPPORTED: curExtension->sType: 1000437000
../../third_party/SwiftShader/src/Vulkan/VkPhysicalDevice.cpp:649 WARNING: UNSUPPORTED: curExtension->sType: 1000338000
../../third_party/SwiftShader/src/Vulkan/VkPhysicalDevice.cpp:649 WARNING: UNSUPPORTED: curExtension->sType: 1000437000
INFO         | Created VkDevice:0x32b3b0010 for application:'PhyToyEngine' instance:0x112d2cc00. ASTC emulation:off CPU decoding:off.
INFO         | Destroyed VkDevice:0x32b3b0010
INFO         | Destroyed VkInstance:0x112d2cc00 for application:'PhyToyEngine' engine:'PhyToyEngine'.
INFO         | Created VkInstance:0x323742a00 for application:'PhyToyEngine' engine:'PhyToyEngine'.
../../third_party/SwiftShader/src/Vulkan/VkPhysicalDevice.cpp:649 WARNING: UNSUPPORTED: curExtension->sType: 1000338000
../../third_party/SwiftShader/src/Vulkan/VkPhysicalDevice.cpp:649 WARNING: UNSUPPORTED: curExtension->sType: 1000437000
../../third_party/SwiftShader/src/Vulkan/VkPhysicalDevice.cpp:649 WARNING: UNSUPPORTED: curExtension->sType: 1000338000
../../third_party/SwiftShader/src/Vulkan/VkPhysicalDevice.cpp:649 WARNING: UNSUPPORTED: curExtension->sType: 1000437000
../../third_party/SwiftShader/src/Vulkan/VkPhysicalDevice.cpp:649 WARNING: UNSUPPORTED: curExtension->sType: 1000338000
../../third_party/SwiftShader/src/Vulkan/VkPhysicalDevice.cpp:649 WARNING: UNSUPPORTED: curExtension->sType: 1000437000
../../third_party/SwiftShader/src/Vulkan/VkPhysicalDevice.cpp:649 WARNING: UNSUPPORTED: curExtension->sType: 1000338000
../../third_party/SwiftShader/src/Vulkan/VkPhysicalDevice.cpp:649 WARNING: UNSUPPORTED: curExtension->sType: 1000437000
../../third_party/SwiftShader/src/Vulkan/VkPhysicalDevice.cpp:649 WARNING: UNSUPPORTED: curExtension->sType: 1000338000
../../third_party/SwiftShader/src/Vulkan/VkPhysicalDevice.cpp:649 WARNING: UNSUPPORTED: curExtension->sType: 1000437000
../../third_party/SwiftShader/src/Vulkan/VkPhysicalDevice.cpp:649 WARNING: UNSUPPORTED: curExtension->sType: 1000338000
../../third_party/SwiftShader/src/Vulkan/VkPhysicalDevice.cpp:649 WARNING: UNSUPPORTED: curExtension->sType: 1000437000
../../third_party/SwiftShader/src/Vulkan/VkPhysicalDevice.cpp:649 WARNING: UNSUPPORTED: curExtension->sType: 1000338000
../../third_party/SwiftShader/src/Vulkan/VkPhysicalDevice.cpp:649 WARNING: UNSUPPORTED: curExtension->sType: 1000437000
../../third_party/SwiftShader/src/Vulkan/VkPhysicalDevice.cpp:649 WARNING: UNSUPPORTED: curExtension->sType: 1000338000
../../third_party/SwiftShader/src/Vulkan/VkPhysicalDevice.cpp:649 WARNING: UNSUPPORTED: curExtension->sType: 1000437000
INFO         | Created VkDevice:0x131e90010 for application:'PhyToyEngine' instance:0x323742a00. ASTC emulation:off CPU decoding:off.
INFO         | Destroyed VkDevice:0x131e90010
INFO         | Destroyed VkInstance:0x323742a00 for application:'PhyToyEngine' engine:'PhyToyEngine'.
INFO         | Created VkInstance:0x32059c600 for application:'PhyToyEngine' engine:'PhyToyEngine'.
../../third_party/SwiftShader/src/Vulkan/VkPhysicalDevice.cpp:649 WARNING: UNSUPPORTED: curExtension->sType: 1000338000
../../third_party/SwiftShader/src/Vulkan/VkPhysicalDevice.cpp:649 WARNING: UNSUPPORTED: curExtension->sType: 1000437000
../../third_party/SwiftShader/src/Vulkan/VkPhysicalDevice.cpp:649 WARNING: UNSUPPORTED: curExtension->sType: 1000338000
../../third_party/SwiftShader/src/Vulkan/VkPhysicalDevice.cpp:649 WARNING: UNSUPPORTED: curExtension->sType: 1000437000
../../third_party/SwiftShader/src/Vulkan/VkPhysicalDevice.cpp:649 WARNING: UNSUPPORTED: curExtension->sType: 1000338000
../../third_party/SwiftShader/src/Vulkan/VkPhysicalDevice.cpp:649 WARNING: UNSUPPORTED: curExtension->sType: 1000437000
../../third_party/SwiftShader/src/Vulkan/VkPhysicalDevice.cpp:649 WARNING: UNSUPPORTED: curExtension->sType: 1000338000
../../third_party/SwiftShader/src/Vulkan/VkPhysicalDevice.cpp:649 WARNING: UNSUPPORTED: curExtension->sType: 1000437000
../../third_party/SwiftShader/src/Vulkan/VkPhysicalDevice.cpp:649 WARNING: UNSUPPORTED: curExtension->sType: 1000338000
../../third_party/SwiftShader/src/Vulkan/VkPhysicalDevice.cpp:649 WARNING: UNSUPPORTED: curExtension->sType: 1000437000
../../third_party/SwiftShader/src/Vulkan/VkPhysicalDevice.cpp:649 WARNING: UNSUPPORTED: curExtension->sType: 1000338000
../../third_party/SwiftShader/src/Vulkan/VkPhysicalDevice.cpp:649 WARNING: UNSUPPORTED: curExtension->sType: 1000437000
../../third_party/SwiftShader/src/Vulkan/VkPhysicalDevice.cpp:649 WARNING: UNSUPPORTED: curExtension->sType: 1000338000
../../third_party/SwiftShader/src/Vulkan/VkPhysicalDevice.cpp:649 WARNING: UNSUPPORTED: curExtension->sType: 1000437000
../../third_party/SwiftShader/src/Vulkan/VkPhysicalDevice.cpp:649 WARNING: UNSUPPORTED: curExtension->sType: 1000338000
../../third_party/SwiftShader/src/Vulkan/VkPhysicalDevice.cpp:649 WARNING: UNSUPPORTED: curExtension->sType: 1000437000
INFO         | Created VkDevice:0x1784d0010 for application:'PhyToyEngine' instance:0x32059c600. ASTC emulation:off CPU decoding:off.
INFO         | Destroyed VkDevice:0x1784d0010
INFO         | Destroyed VkInstance:0x32059c600 for application:'PhyToyEngine' engine:'PhyToyEngine'.
INFO         | Created VkInstance:0x314724c00 for application:'PhyToyEngine' engine:'PhyToyEngine'.
../../third_party/SwiftShader/src/Vulkan/VkPhysicalDevice.cpp:649 WARNING: UNSUPPORTED: curExtension->sType: 1000338000
../../third_party/SwiftShader/src/Vulkan/VkPhysicalDevice.cpp:649 WARNING: UNSUPPORTED: curExtension->sType: 1000437000
../../third_party/SwiftShader/src/Vulkan/VkPhysicalDevice.cpp:649 WARNING: UNSUPPORTED: curExtension->sType: 1000338000
../../third_party/SwiftShader/src/Vulkan/VkPhysicalDevice.cpp:649 WARNING: UNSUPPORTED: curExtension->sType: 1000437000
../../third_party/SwiftShader/src/Vulkan/VkPhysicalDevice.cpp:649 WARNING: UNSUPPORTED: curExtension->sType: 1000338000
../../third_party/SwiftShader/src/Vulkan/VkPhysicalDevice.cpp:649 WARNING: UNSUPPORTED: curExtension->sType: 1000437000
../../third_party/SwiftShader/src/Vulkan/VkPhysicalDevice.cpp:649 WARNING: UNSUPPORTED: curExtension->sType: 1000338000
../../third_party/SwiftShader/src/Vulkan/VkPhysicalDevice.cpp:649 WARNING: UNSUPPORTED: curExtension->sType: 1000437000
../../third_party/SwiftShader/src/Vulkan/VkPhysicalDevice.cpp:649 WARNING: UNSUPPORTED: curExtension->sType: 1000338000
../../third_party/SwiftShader/src/Vulkan/VkPhysicalDevice.cpp:649 WARNING: UNSUPPORTED: curExtension->sType: 1000437000
../../third_party/SwiftShader/src/Vulkan/VkPhysicalDevice.cpp:649 WARNING: UNSUPPORTED: curExtension->sType: 1000338000
../../third_party/SwiftShader/src/Vulkan/VkPhysicalDevice.cpp:649 WARNING: UNSUPPORTED: curExtension->sType: 1000437000
../../third_party/SwiftShader/src/Vulkan/VkPhysicalDevice.cpp:649 WARNING: UNSUPPORTED: curExtension->sType: 1000338000
../../third_party/SwiftShader/src/Vulkan/VkPhysicalDevice.cpp:649 WARNING: UNSUPPORTED: curExtension->sType: 1000437000
../../third_party/SwiftShader/src/Vulkan/VkPhysicalDevice.cpp:649 WARNING: UNSUPPORTED: curExtension->sType: 1000338000
../../third_party/SwiftShader/src/Vulkan/VkPhysicalDevice.cpp:649 WARNING: UNSUPPORTED: curExtension->sType: 1000437000
INFO         | Created VkDevice:0x328788010 for application:'PhyToyEngine' instance:0x314724c00. ASTC emulation:off CPU decoding:off.
INFO         | Destroyed VkDevice:0x328788010
INFO         | Destroyed VkInstance:0x314724c00 for application:'PhyToyEngine' engine:'PhyToyEngine'.
INFO         | Created VkInstance:0x314073800 for application:'PhyToyEngine' engine:'PhyToyEngine'.
../../third_party/SwiftShader/src/Vulkan/VkPhysicalDevice.cpp:649 WARNING: UNSUPPORTED: curExtension->sType: 1000338000
../../third_party/SwiftShader/src/Vulkan/VkPhysicalDevice.cpp:649 WARNING: UNSUPPORTED: curExtension->sType: 1000437000
../../third_party/SwiftShader/src/Vulkan/VkPhysicalDevice.cpp:649 WARNING: UNSUPPORTED: curExtension->sType: 1000338000
../../third_party/SwiftShader/src/Vulkan/VkPhysicalDevice.cpp:649 WARNING: UNSUPPORTED: curExtension->sType: 1000437000
../../third_party/SwiftShader/src/Vulkan/VkPhysicalDevice.cpp:649 WARNING: UNSUPPORTED: curExtension->sType: 1000338000
../../third_party/SwiftShader/src/Vulkan/VkPhysicalDevice.cpp:649 WARNING: UNSUPPORTED: curExtension->sType: 1000437000
../../third_party/SwiftShader/src/Vulkan/VkPhysicalDevice.cpp:649 WARNING: UNSUPPORTED: curExtension->sType: 1000338000
../../third_party/SwiftShader/src/Vulkan/VkPhysicalDevice.cpp:649 WARNING: UNSUPPORTED: curExtension->sType: 1000437000
../../third_party/SwiftShader/src/Vulkan/VkPhysicalDevice.cpp:649 WARNING: UNSUPPORTED: curExtension->sType: 1000338000
../../third_party/SwiftShader/src/Vulkan/VkPhysicalDevice.cpp:649 WARNING: UNSUPPORTED: curExtension->sType: 1000437000
../../third_party/SwiftShader/src/Vulkan/VkPhysicalDevice.cpp:649 WARNING: UNSUPPORTED: curExtension->sType: 1000338000
../../third_party/SwiftShader/src/Vulkan/VkPhysicalDevice.cpp:649 WARNING: UNSUPPORTED: curExtension->sType: 1000437000
../../third_party/SwiftShader/src/Vulkan/VkPhysicalDevice.cpp:649 WARNING: UNSUPPORTED: curExtension->sType: 1000338000
../../third_party/SwiftShader/src/Vulkan/VkPhysicalDevice.cpp:649 WARNING: UNSUPPORTED: curExtension->sType: 1000437000
../../third_party/SwiftShader/src/Vulkan/VkPhysicalDevice.cpp:649 WARNING: UNSUPPORTED: curExtension->sType: 1000338000
../../third_party/SwiftShader/src/Vulkan/VkPhysicalDevice.cpp:649 WARNING: UNSUPPORTED: curExtension->sType: 1000437000
INFO         | Created VkDevice:0x131af8010 for application:'PhyToyEngine' instance:0x314073800. ASTC emulation:off CPU decoding:off.
INFO         | Destroyed VkDevice:0x131af8010
INFO         | Destroyed VkInstance:0x314073800 for application:'PhyToyEngine' engine:'PhyToyEngine'.
INFO         | Created VkInstance:0x3144ff400 for application:'PhyToyEngine' engine:'PhyToyEngine'.
../../third_party/SwiftShader/src/Vulkan/VkPhysicalDevice.cpp:649 WARNING: UNSUPPORTED: curExtension->sType: 1000338000
../../third_party/SwiftShader/src/Vulkan/VkPhysicalDevice.cpp:649 WARNING: UNSUPPORTED: curExtension->sType: 1000437000
../../third_party/SwiftShader/src/Vulkan/VkPhysicalDevice.cpp:649 WARNING: UNSUPPORTED: curExtension->sType: 1000338000
../../third_party/SwiftShader/src/Vulkan/VkPhysicalDevice.cpp:649 WARNING: UNSUPPORTED: curExtension->sType: 1000437000
../../third_party/SwiftShader/src/Vulkan/VkPhysicalDevice.cpp:649 WARNING: UNSUPPORTED: curExtension->sType: 1000338000
../../third_party/SwiftShader/src/Vulkan/VkPhysicalDevice.cpp:649 WARNING: UNSUPPORTED: curExtension->sType: 1000437000
../../third_party/SwiftShader/src/Vulkan/VkPhysicalDevice.cpp:649 WARNING: UNSUPPORTED: curExtension->sType: 1000338000
../../third_party/SwiftShader/src/Vulkan/VkPhysicalDevice.cpp:649 WARNING: UNSUPPORTED: curExtension->sType: 1000437000
../../third_party/SwiftShader/src/Vulkan/VkPhysicalDevice.cpp:649 WARNING: UNSUPPORTED: curExtension->sType: 1000338000
../../third_party/SwiftShader/src/Vulkan/VkPhysicalDevice.cpp:649 WARNING: UNSUPPORTED: curExtension->sType: 1000437000
../../third_party/SwiftShader/src/Vulkan/VkPhysicalDevice.cpp:649 WARNING: UNSUPPORTED: curExtension->sType: 1000338000
../../third_party/SwiftShader/src/Vulkan/VkPhysicalDevice.cpp:649 WARNING: UNSUPPORTED: curExtension->sType: 1000437000
../../third_party/SwiftShader/src/Vulkan/VkPhysicalDevice.cpp:649 WARNING: UNSUPPORTED: curExtension->sType: 1000338000
../../third_party/SwiftShader/src/Vulkan/VkPhysicalDevice.cpp:649 WARNING: UNSUPPORTED: curExtension->sType: 1000437000
../../third_party/SwiftShader/src/Vulkan/VkPhysicalDevice.cpp:649 WARNING: UNSUPPORTED: curExtension->sType: 1000338000
../../third_party/SwiftShader/src/Vulkan/VkPhysicalDevice.cpp:649 WARNING: UNSUPPORTED: curExtension->sType: 1000437000
INFO         | Created VkDevice:0x3285f0010 for application:'PhyToyEngine' instance:0x3144ff400. ASTC emulation:off CPU decoding:off.
INFO         | Created VkInstance:0x13cfe2000 for application:'PhyToyEngine' engine:'PhyToyEngine'.
../../third_party/SwiftShader/src/Vulkan/VkPhysicalDevice.cpp:649 WARNING: UNSUPPORTED: curExtension->sType: 1000338000
../../third_party/SwiftShader/src/Vulkan/VkPhysicalDevice.cpp:649 WARNING: UNSUPPORTED: curExtension->sType: 1000437000
../../third_party/SwiftShader/src/Vulkan/VkPhysicalDevice.cpp:649 WARNING: UNSUPPORTED: curExtension->sType: 1000338000
../../third_party/SwiftShader/src/Vulkan/VkPhysicalDevice.cpp:649 WARNING: UNSUPPORTED: curExtension->sType: 1000437000
../../third_party/SwiftShader/src/Vulkan/VkPhysicalDevice.cpp:649 WARNING: UNSUPPORTED: curExtension->sType: 1000338000
../../third_party/SwiftShader/src/Vulkan/VkPhysicalDevice.cpp:649 WARNING: UNSUPPORTED: curExtension->sType: 1000437000
../../third_party/SwiftShader/src/Vulkan/VkPhysicalDevice.cpp:649 WARNING: UNSUPPORTED: curExtension->sType: 1000338000
../../third_party/SwiftShader/src/Vulkan/VkPhysicalDevice.cpp:649 WARNING: UNSUPPORTED: curExtension->sType: 1000437000
../../third_party/SwiftShader/src/Vulkan/VkPhysicalDevice.cpp:649 WARNING: UNSUPPORTED: curExtension->sType: 1000338000
../../third_party/SwiftShader/src/Vulkan/VkPhysicalDevice.cpp:649 WARNING: UNSUPPORTED: curExtension->sType: 1000437000
../../third_party/SwiftShader/src/Vulkan/VkPhysicalDevice.cpp:649 WARNING: UNSUPPORTED: curExtension->sType: 1000338000
../../third_party/SwiftShader/src/Vulkan/VkPhysicalDevice.cpp:649 WARNING: UNSUPPORTED: curExtension->sType: 1000437000
../../third_party/SwiftShader/src/Vulkan/VkPhysicalDevice.cpp:649 WARNING: UNSUPPORTED: curExtension->sType: 1000338000
../../third_party/SwiftShader/src/Vulkan/VkPhysicalDevice.cpp:649 WARNING: UNSUPPORTED: curExtension->sType: 1000437000
../../third_party/SwiftShader/src/Vulkan/VkPhysicalDevice.cpp:649 WARNING: UNSUPPORTED: curExtension->sType: 1000338000
../../third_party/SwiftShader/src/Vulkan/VkPhysicalDevice.cpp:649 WARNING: UNSUPPORTED: curExtension->sType: 1000437000
INFO         | Created VkDevice:0x129be0010 for application:'PhyToyEngine' instance:0x13cfe2000. ASTC emulation:off CPU decoding:off.
INFO         | Destroyed VkDevice:0x129be0010
INFO         | Destroyed VkInstance:0x13cfe2000 for application:'PhyToyEngine' engine:'PhyToyEngine'.
INFO         | Created VkInstance:0x112aa4200 for application:'PhyToyEngine' engine:'PhyToyEngine'.
../../third_party/SwiftShader/src/Vulkan/VkPhysicalDevice.cpp:649 WARNING: UNSUPPORTED: curExtension->sType: 1000338000
../../third_party/SwiftShader/src/Vulkan/VkPhysicalDevice.cpp:649 WARNING: UNSUPPORTED: curExtension->sType: 1000437000
../../third_party/SwiftShader/src/Vulkan/VkPhysicalDevice.cpp:649 WARNING: UNSUPPORTED: curExtension->sType: 1000338000
../../third_party/SwiftShader/src/Vulkan/VkPhysicalDevice.cpp:649 WARNING: UNSUPPORTED: curExtension->sType: 1000437000
../../third_party/SwiftShader/src/Vulkan/VkPhysicalDevice.cpp:649 WARNING: UNSUPPORTED: curExtension->sType: 1000338000
../../third_party/SwiftShader/src/Vulkan/VkPhysicalDevice.cpp:649 WARNING: UNSUPPORTED: curExtension->sType: 1000437000
../../third_party/SwiftShader/src/Vulkan/VkPhysicalDevice.cpp:649 WARNING: UNSUPPORTED: curExtension->sType: 1000338000
../../third_party/SwiftShader/src/Vulkan/VkPhysicalDevice.cpp:649 WARNING: UNSUPPORTED: curExtension->sType: 1000437000
../../third_party/SwiftShader/src/Vulkan/VkPhysicalDevice.cpp:649 WARNING: UNSUPPORTED: curExtension->sType: 1000338000
../../third_party/SwiftShader/src/Vulkan/VkPhysicalDevice.cpp:649 WARNING: UNSUPPORTED: curExtension->sType: 1000437000
../../third_party/SwiftShader/src/Vulkan/VkPhysicalDevice.cpp:649 WARNING: UNSUPPORTED: curExtension->sType: 1000338000
../../third_party/SwiftShader/src/Vulkan/VkPhysicalDevice.cpp:649 WARNING: UNSUPPORTED: curExtension->sType: 1000437000
../../third_party/SwiftShader/src/Vulkan/VkPhysicalDevice.cpp:649 WARNING: UNSUPPORTED: curExtension->sType: 1000338000
../../third_party/SwiftShader/src/Vulkan/VkPhysicalDevice.cpp:649 WARNING: UNSUPPORTED: curExtension->sType: 1000437000
../../third_party/SwiftShader/src/Vulkan/VkPhysicalDevice.cpp:649 WARNING: UNSUPPORTED: curExtension->sType: 1000338000
../../third_party/SwiftShader/src/Vulkan/VkPhysicalDevice.cpp:649 WARNING: UNSUPPORTED: curExtension->sType: 1000437000
INFO         | Created VkDevice:0x17bec0010 for application:'PhyToyEngine' instance:0x112aa4200. ASTC emulation:off CPU decoding:off.
INFO         | Destroyed VkDevice:0x17bec0010
INFO         | Destroyed VkInstance:0x112aa4200 for application:'PhyToyEngine' engine:'PhyToyEngine'.
INFO         | Destroyed VkDevice:0x3285f0010
INFO         | Destroyed VkInstance:0x3144ff400 for application:'PhyToyEngine' engine:'PhyToyEngine'.
INFO         | Created VkInstance:0x3146e7800 for application:'PhyToyEngine' engine:'PhyToyEngine'.
../../third_party/SwiftShader/src/Vulkan/VkPhysicalDevice.cpp:649 WARNING: UNSUPPORTED: curExtension->sType: 1000338000
../../third_party/SwiftShader/src/Vulkan/VkPhysicalDevice.cpp:649 WARNING: UNSUPPORTED: curExtension->sType: 1000437000
../../third_party/SwiftShader/src/Vulkan/VkPhysicalDevice.cpp:649 WARNING: UNSUPPORTED: curExtension->sType: 1000338000
../../third_party/SwiftShader/src/Vulkan/VkPhysicalDevice.cpp:649 WARNING: UNSUPPORTED: curExtension->sType: 1000437000
../../third_party/SwiftShader/src/Vulkan/VkPhysicalDevice.cpp:649 WARNING: UNSUPPORTED: curExtension->sType: 1000338000
../../third_party/SwiftShader/src/Vulkan/VkPhysicalDevice.cpp:649 WARNING: UNSUPPORTED: curExtension->sType: 1000437000
../../third_party/SwiftShader/src/Vulkan/VkPhysicalDevice.cpp:649 WARNING: UNSUPPORTED: curExtension->sType: 1000338000
../../third_party/SwiftShader/src/Vulkan/VkPhysicalDevice.cpp:649 WARNING: UNSUPPORTED: curExtension->sType: 1000437000
../../third_party/SwiftShader/src/Vulkan/VkPhysicalDevice.cpp:649 WARNING: UNSUPPORTED: curExtension->sType: 1000338000
../../third_party/SwiftShader/src/Vulkan/VkPhysicalDevice.cpp:649 WARNING: UNSUPPORTED: curExtension->sType: 1000437000
../../third_party/SwiftShader/src/Vulkan/VkPhysicalDevice.cpp:649 WARNING: UNSUPPORTED: curExtension->sType: 1000338000
../../third_party/SwiftShader/src/Vulkan/VkPhysicalDevice.cpp:649 WARNING: UNSUPPORTED: curExtension->sType: 1000437000
../../third_party/SwiftShader/src/Vulkan/VkPhysicalDevice.cpp:649 WARNING: UNSUPPORTED: curExtension->sType: 1000338000
../../third_party/SwiftShader/src/Vulkan/VkPhysicalDevice.cpp:649 WARNING: UNSUPPORTED: curExtension->sType: 1000437000
../../third_party/SwiftShader/src/Vulkan/VkPhysicalDevice.cpp:649 WARNING: UNSUPPORTED: curExtension->sType: 1000338000
../../third_party/SwiftShader/src/Vulkan/VkPhysicalDevice.cpp:649 WARNING: UNSUPPORTED: curExtension->sType: 1000437000
INFO         | Created VkDevice:0x131af8010 for application:'PhyToyEngine' instance:0x3146e7800. ASTC emulation:off CPU decoding:off.
INFO         | Destroyed VkDevice:0x131af8010
INFO         | Destroyed VkInstance:0x3146e7800 for application:'PhyToyEngine' engine:'PhyToyEngine'.
INFO         | Created VkInstance:0x11a19d400 for application:'PhyToyEngine' engine:'PhyToyEngine'.
../../third_party/SwiftShader/src/Vulkan/VkPhysicalDevice.cpp:649 WARNING: UNSUPPORTED: curExtension->sType: 1000338000
../../third_party/SwiftShader/src/Vulkan/VkPhysicalDevice.cpp:649 WARNING: UNSUPPORTED: curExtension->sType: 1000437000
../../third_party/SwiftShader/src/Vulkan/VkPhysicalDevice.cpp:649 WARNING: UNSUPPORTED: curExtension->sType: 1000338000
../../third_party/SwiftShader/src/Vulkan/VkPhysicalDevice.cpp:649 WARNING: UNSUPPORTED: curExtension->sType: 1000437000
../../third_party/SwiftShader/src/Vulkan/VkPhysicalDevice.cpp:649 WARNING: UNSUPPORTED: curExtension->sType: 1000338000
../../third_party/SwiftShader/src/Vulkan/VkPhysicalDevice.cpp:649 WARNING: UNSUPPORTED: curExtension->sType: 1000437000
../../third_party/SwiftShader/src/Vulkan/VkPhysicalDevice.cpp:649 WARNING: UNSUPPORTED: curExtension->sType: 1000338000
../../third_party/SwiftShader/src/Vulkan/VkPhysicalDevice.cpp:649 WARNING: UNSUPPORTED: curExtension->sType: 1000437000
../../third_party/SwiftShader/src/Vulkan/VkPhysicalDevice.cpp:649 WARNING: UNSUPPORTED: curExtension->sType: 1000338000
../../third_party/SwiftShader/src/Vulkan/VkPhysicalDevice.cpp:649 WARNING: UNSUPPORTED: curExtension->sType: 1000437000
../../third_party/SwiftShader/src/Vulkan/VkPhysicalDevice.cpp:649 WARNING: UNSUPPORTED: curExtension->sType: 1000338000
../../third_party/SwiftShader/src/Vulkan/VkPhysicalDevice.cpp:649 WARNING: UNSUPPORTED: curExtension->sType: 1000437000
../../third_party/SwiftShader/src/Vulkan/VkPhysicalDevice.cpp:649 WARNING: UNSUPPORTED: curExtension->sType: 1000338000
../../third_party/SwiftShader/src/Vulkan/VkPhysicalDevice.cpp:649 WARNING: UNSUPPORTED: curExtension->sType: 1000437000
../../third_party/SwiftShader/src/Vulkan/VkPhysicalDevice.cpp:649 WARNING: UNSUPPORTED: curExtension->sType: 1000338000
../../third_party/SwiftShader/src/Vulkan/VkPhysicalDevice.cpp:649 WARNING: UNSUPPORTED: curExtension->sType: 1000437000
INFO         | Created VkDevice:0x149530010 for application:'PhyToyEngine' instance:0x11a19d400. ASTC emulation:off CPU decoding:off.
INFO         | Destroyed VkDevice:0x149530010
INFO         | Destroyed VkInstance:0x11a19d400 for application:'PhyToyEngine' engine:'PhyToyEngine'.
INFO         | Created VkInstance:0x112a4de00 for application:'PhyToyEngine' engine:'PhyToyEngine'.
../../third_party/SwiftShader/src/Vulkan/VkPhysicalDevice.cpp:649 WARNING: UNSUPPORTED: curExtension->sType: 1000338000
../../third_party/SwiftShader/src/Vulkan/VkPhysicalDevice.cpp:649 WARNING: UNSUPPORTED: curExtension->sType: 1000437000
../../third_party/SwiftShader/src/Vulkan/VkPhysicalDevice.cpp:649 WARNING: UNSUPPORTED: curExtension->sType: 1000338000
../../third_party/SwiftShader/src/Vulkan/VkPhysicalDevice.cpp:649 WARNING: UNSUPPORTED: curExtension->sType: 1000437000
../../third_party/SwiftShader/src/Vulkan/VkPhysicalDevice.cpp:649 WARNING: UNSUPPORTED: curExtension->sType: 1000338000
../../third_party/SwiftShader/src/Vulkan/VkPhysicalDevice.cpp:649 WARNING: UNSUPPORTED: curExtension->sType: 1000437000
../../third_party/SwiftShader/src/Vulkan/VkPhysicalDevice.cpp:649 WARNING: UNSUPPORTED: curExtension->sType: 1000338000
../../third_party/SwiftShader/src/Vulkan/VkPhysicalDevice.cpp:649 WARNING: UNSUPPORTED: curExtension->sType: 1000437000
../../third_party/SwiftShader/src/Vulkan/VkPhysicalDevice.cpp:649 WARNING: UNSUPPORTED: curExtension->sType: 1000338000
../../third_party/SwiftShader/src/Vulkan/VkPhysicalDevice.cpp:649 WARNING: UNSUPPORTED: curExtension->sType: 1000437000
../../third_party/SwiftShader/src/Vulkan/VkPhysicalDevice.cpp:649 WARNING: UNSUPPORTED: curExtension->sType: 1000338000
../../third_party/SwiftShader/src/Vulkan/VkPhysicalDevice.cpp:649 WARNING: UNSUPPORTED: curExtension->sType: 1000437000
../../third_party/SwiftShader/src/Vulkan/VkPhysicalDevice.cpp:649 WARNING: UNSUPPORTED: curExtension->sType: 1000338000
../../third_party/SwiftShader/src/Vulkan/VkPhysicalDevice.cpp:649 WARNING: UNSUPPORTED: curExtension->sType: 1000437000
../../third_party/SwiftShader/src/Vulkan/VkPhysicalDevice.cpp:649 WARNING: UNSUPPORTED: curExtension->sType: 1000338000
../../third_party/SwiftShader/src/Vulkan/VkPhysicalDevice.cpp:649 WARNING: UNSUPPORTED: curExtension->sType: 1000437000
INFO         | Created VkDevice:0x133be0010 for application:'PhyToyEngine' instance:0x112a4de00. ASTC emulation:off CPU decoding:off.
INFO         | Destroyed VkDevice:0x133be0010
INFO         | Destroyed VkInstance:0x112a4de00 for application:'PhyToyEngine' engine:'PhyToyEngine'.
INFO         | Created VkInstance:0x3146b2a00 for application:'PhyToyEngine' engine:'PhyToyEngine'.
../../third_party/SwiftShader/src/Vulkan/VkPhysicalDevice.cpp:649 WARNING: UNSUPPORTED: curExtension->sType: 1000338000
../../third_party/SwiftShader/src/Vulkan/VkPhysicalDevice.cpp:649 WARNING: UNSUPPORTED: curExtension->sType: 1000437000
../../third_party/SwiftShader/src/Vulkan/VkPhysicalDevice.cpp:649 WARNING: UNSUPPORTED: curExtension->sType: 1000338000
../../third_party/SwiftShader/src/Vulkan/VkPhysicalDevice.cpp:649 WARNING: UNSUPPORTED: curExtension->sType: 1000437000
../../third_party/SwiftShader/src/Vulkan/VkPhysicalDevice.cpp:649 WARNING: UNSUPPORTED: curExtension->sType: 1000338000
../../third_party/SwiftShader/src/Vulkan/VkPhysicalDevice.cpp:649 WARNING: UNSUPPORTED: curExtension->sType: 1000437000
../../third_party/SwiftShader/src/Vulkan/VkPhysicalDevice.cpp:649 WARNING: UNSUPPORTED: curExtension->sType: 1000338000
../../third_party/SwiftShader/src/Vulkan/VkPhysicalDevice.cpp:649 WARNING: UNSUPPORTED: curExtension->sType: 1000437000
../../third_party/SwiftShader/src/Vulkan/VkPhysicalDevice.cpp:649 WARNING: UNSUPPORTED: curExtension->sType: 1000338000
../../third_party/SwiftShader/src/Vulkan/VkPhysicalDevice.cpp:649 WARNING: UNSUPPORTED: curExtension->sType: 1000437000
../../third_party/SwiftShader/src/Vulkan/VkPhysicalDevice.cpp:649 WARNING: UNSUPPORTED: curExtension->sType: 1000338000
../../third_party/SwiftShader/src/Vulkan/VkPhysicalDevice.cpp:649 WARNING: UNSUPPORTED: curExtension->sType: 1000437000
../../third_party/SwiftShader/src/Vulkan/VkPhysicalDevice.cpp:649 WARNING: UNSUPPORTED: curExtension->sType: 1000338000
../../third_party/SwiftShader/src/Vulkan/VkPhysicalDevice.cpp:649 WARNING: UNSUPPORTED: curExtension->sType: 1000437000
../../third_party/SwiftShader/src/Vulkan/VkPhysicalDevice.cpp:649 WARNING: UNSUPPORTED: curExtension->sType: 1000338000
../../third_party/SwiftShader/src/Vulkan/VkPhysicalDevice.cpp:649 WARNING: UNSUPPORTED: curExtension->sType: 1000437000
INFO         | Created VkDevice:0x133be0010 for application:'PhyToyEngine' instance:0x3146b2a00. ASTC emulation:off CPU decoding:off.
INFO         | Destroyed VkDevice:0x133be0010
INFO         | Destroyed VkInstance:0x3146b2a00 for application:'PhyToyEngine' engine:'PhyToyEngine'.
INFO         | Created VkInstance:0x112b39e00 for application:'PhyToyEngine' engine:'PhyToyEngine'.
../../third_party/SwiftShader/src/Vulkan/VkPhysicalDevice.cpp:649 WARNING: UNSUPPORTED: curExtension->sType: 1000338000
../../third_party/SwiftShader/src/Vulkan/VkPhysicalDevice.cpp:649 WARNING: UNSUPPORTED: curExtension->sType: 1000437000
../../third_party/SwiftShader/src/Vulkan/VkPhysicalDevice.cpp:649 WARNING: UNSUPPORTED: curExtension->sType: 1000338000
../../third_party/SwiftShader/src/Vulkan/VkPhysicalDevice.cpp:649 WARNING: UNSUPPORTED: curExtension->sType: 1000437000
../../third_party/SwiftShader/src/Vulkan/VkPhysicalDevice.cpp:649 WARNING: UNSUPPORTED: curExtension->sType: 1000338000
../../third_party/SwiftShader/src/Vulkan/VkPhysicalDevice.cpp:649 WARNING: UNSUPPORTED: curExtension->sType: 1000437000
../../third_party/SwiftShader/src/Vulkan/VkPhysicalDevice.cpp:649 WARNING: UNSUPPORTED: curExtension->sType: 1000338000
../../third_party/SwiftShader/src/Vulkan/VkPhysicalDevice.cpp:649 WARNING: UNSUPPORTED: curExtension->sType: 1000437000
../../third_party/SwiftShader/src/Vulkan/VkPhysicalDevice.cpp:649 WARNING: UNSUPPORTED: curExtension->sType: 1000338000
../../third_party/SwiftShader/src/Vulkan/VkPhysicalDevice.cpp:649 WARNING: UNSUPPORTED: curExtension->sType: 1000437000
../../third_party/SwiftShader/src/Vulkan/VkPhysicalDevice.cpp:649 WARNING: UNSUPPORTED: curExtension->sType: 1000338000
../../third_party/SwiftShader/src/Vulkan/VkPhysicalDevice.cpp:649 WARNING: UNSUPPORTED: curExtension->sType: 1000437000
../../third_party/SwiftShader/src/Vulkan/VkPhysicalDevice.cpp:649 WARNING: UNSUPPORTED: curExtension->sType: 1000338000
../../third_party/SwiftShader/src/Vulkan/VkPhysicalDevice.cpp:649 WARNING: UNSUPPORTED: curExtension->sType: 1000437000
../../third_party/SwiftShader/src/Vulkan/VkPhysicalDevice.cpp:649 WARNING: UNSUPPORTED: curExtension->sType: 1000338000
../../third_party/SwiftShader/src/Vulkan/VkPhysicalDevice.cpp:649 WARNING: UNSUPPORTED: curExtension->sType: 1000437000
INFO         | Created VkDevice:0x133be0010 for application:'PhyToyEngine' instance:0x112b39e00. ASTC emulation:off CPU decoding:off.
INFO         | Destroyed VkDevice:0x133be0010
INFO         | Destroyed VkInstance:0x112b39e00 for application:'PhyToyEngine' engine:'PhyToyEngine'.
INFO         | Created VkInstance:0x112b39c00 for application:'PhyToyEngine' engine:'PhyToyEngine'.
../../third_party/SwiftShader/src/Vulkan/VkPhysicalDevice.cpp:649 WARNING: UNSUPPORTED: curExtension->sType: 1000338000
../../third_party/SwiftShader/src/Vulkan/VkPhysicalDevice.cpp:649 WARNING: UNSUPPORTED: curExtension->sType: 1000437000
../../third_party/SwiftShader/src/Vulkan/VkPhysicalDevice.cpp:649 WARNING: UNSUPPORTED: curExtension->sType: 1000338000
../../third_party/SwiftShader/src/Vulkan/VkPhysicalDevice.cpp:649 WARNING: UNSUPPORTED: curExtension->sType: 1000437000
../../third_party/SwiftShader/src/Vulkan/VkPhysicalDevice.cpp:649 WARNING: UNSUPPORTED: curExtension->sType: 1000338000
../../third_party/SwiftShader/src/Vulkan/VkPhysicalDevice.cpp:649 WARNING: UNSUPPORTED: curExtension->sType: 1000437000
../../third_party/SwiftShader/src/Vulkan/VkPhysicalDevice.cpp:649 WARNING: UNSUPPORTED: curExtension->sType: 1000338000
../../third_party/SwiftShader/src/Vulkan/VkPhysicalDevice.cpp:649 WARNING: UNSUPPORTED: curExtension->sType: 1000437000
../../third_party/SwiftShader/src/Vulkan/VkPhysicalDevice.cpp:649 WARNING: UNSUPPORTED: curExtension->sType: 1000338000
../../third_party/SwiftShader/src/Vulkan/VkPhysicalDevice.cpp:649 WARNING: UNSUPPORTED: curExtension->sType: 1000437000
../../third_party/SwiftShader/src/Vulkan/VkPhysicalDevice.cpp:649 WARNING: UNSUPPORTED: curExtension->sType: 1000338000
../../third_party/SwiftShader/src/Vulkan/VkPhysicalDevice.cpp:649 WARNING: UNSUPPORTED: curExtension->sType: 1000437000
../../third_party/SwiftShader/src/Vulkan/VkPhysicalDevice.cpp:649 WARNING: UNSUPPORTED: curExtension->sType: 1000338000
../../third_party/SwiftShader/src/Vulkan/VkPhysicalDevice.cpp:649 WARNING: UNSUPPORTED: curExtension->sType: 1000437000
../../third_party/SwiftShader/src/Vulkan/VkPhysicalDevice.cpp:649 WARNING: UNSUPPORTED: curExtension->sType: 1000338000
../../third_party/SwiftShader/src/Vulkan/VkPhysicalDevice.cpp:649 WARNING: UNSUPPORTED: curExtension->sType: 1000437000
INFO         | Created VkDevice:0x178660010 for application:'PhyToyEngine' instance:0x112b39c00. ASTC emulation:off CPU decoding:off.
INFO         | Destroyed VkDevice:0x178660010
INFO         | Destroyed VkInstance:0x112b39c00 for application:'PhyToyEngine' engine:'PhyToyEngine'.
INFO         | Created VkInstance:0x11a00dc00 for application:'PhyToyEngine' engine:'PhyToyEngine'.
../../third_party/SwiftShader/src/Vulkan/VkPhysicalDevice.cpp:649 WARNING: UNSUPPORTED: curExtension->sType: 1000338000
../../third_party/SwiftShader/src/Vulkan/VkPhysicalDevice.cpp:649 WARNING: UNSUPPORTED: curExtension->sType: 1000437000
../../third_party/SwiftShader/src/Vulkan/VkPhysicalDevice.cpp:649 WARNING: UNSUPPORTED: curExtension->sType: 1000338000
../../third_party/SwiftShader/src/Vulkan/VkPhysicalDevice.cpp:649 WARNING: UNSUPPORTED: curExtension->sType: 1000437000
../../third_party/SwiftShader/src/Vulkan/VkPhysicalDevice.cpp:649 WARNING: UNSUPPORTED: curExtension->sType: 1000338000
../../third_party/SwiftShader/src/Vulkan/VkPhysicalDevice.cpp:649 WARNING: UNSUPPORTED: curExtension->sType: 1000437000
../../third_party/SwiftShader/src/Vulkan/VkPhysicalDevice.cpp:649 WARNING: UNSUPPORTED: curExtension->sType: 1000338000
../../third_party/SwiftShader/src/Vulkan/VkPhysicalDevice.cpp:649 WARNING: UNSUPPORTED: curExtension->sType: 1000437000
../../third_party/SwiftShader/src/Vulkan/VkPhysicalDevice.cpp:649 WARNING: UNSUPPORTED: curExtension->sType: 1000338000
../../third_party/SwiftShader/src/Vulkan/VkPhysicalDevice.cpp:649 WARNING: UNSUPPORTED: curExtension->sType: 1000437000
../../third_party/SwiftShader/src/Vulkan/VkPhysicalDevice.cpp:649 WARNING: UNSUPPORTED: curExtension->sType: 1000338000
../../third_party/SwiftShader/src/Vulkan/VkPhysicalDevice.cpp:649 WARNING: UNSUPPORTED: curExtension->sType: 1000437000
../../third_party/SwiftShader/src/Vulkan/VkPhysicalDevice.cpp:649 WARNING: UNSUPPORTED: curExtension->sType: 1000338000
../../third_party/SwiftShader/src/Vulkan/VkPhysicalDevice.cpp:649 WARNING: UNSUPPORTED: curExtension->sType: 1000437000
../../third_party/SwiftShader/src/Vulkan/VkPhysicalDevice.cpp:649 WARNING: UNSUPPORTED: curExtension->sType: 1000338000
../../third_party/SwiftShader/src/Vulkan/VkPhysicalDevice.cpp:649 WARNING: UNSUPPORTED: curExtension->sType: 1000437000
INFO         | Created VkDevice:0x131af8010 for application:'PhyToyEngine' instance:0x11a00dc00. ASTC emulation:off CPU decoding:off.
INFO         | Destroyed VkDevice:0x131af8010
INFO         | Destroyed VkInstance:0x11a00dc00 for application:'PhyToyEngine' engine:'PhyToyEngine'.
INFO         | Created VkInstance:0x112b86200 for application:'PhyToyEngine' engine:'PhyToyEngine'.
../../third_party/SwiftShader/src/Vulkan/VkPhysicalDevice.cpp:649 WARNING: UNSUPPORTED: curExtension->sType: 1000338000
../../third_party/SwiftShader/src/Vulkan/VkPhysicalDevice.cpp:649 WARNING: UNSUPPORTED: curExtension->sType: 1000437000
../../third_party/SwiftShader/src/Vulkan/VkPhysicalDevice.cpp:649 WARNING: UNSUPPORTED: curExtension->sType: 1000338000
../../third_party/SwiftShader/src/Vulkan/VkPhysicalDevice.cpp:649 WARNING: UNSUPPORTED: curExtension->sType: 1000437000
../../third_party/SwiftShader/src/Vulkan/VkPhysicalDevice.cpp:649 WARNING: UNSUPPORTED: curExtension->sType: 1000338000
../../third_party/SwiftShader/src/Vulkan/VkPhysicalDevice.cpp:649 WARNING: UNSUPPORTED: curExtension->sType: 1000437000
../../third_party/SwiftShader/src/Vulkan/VkPhysicalDevice.cpp:649 WARNING: UNSUPPORTED: curExtension->sType: 1000338000
../../third_party/SwiftShader/src/Vulkan/VkPhysicalDevice.cpp:649 WARNING: UNSUPPORTED: curExtension->sType: 1000437000
../../third_party/SwiftShader/src/Vulkan/VkPhysicalDevice.cpp:649 WARNING: UNSUPPORTED: curExtension->sType: 1000338000
../../third_party/SwiftShader/src/Vulkan/VkPhysicalDevice.cpp:649 WARNING: UNSUPPORTED: curExtension->sType: 1000437000
../../third_party/SwiftShader/src/Vulkan/VkPhysicalDevice.cpp:649 WARNING: UNSUPPORTED: curExtension->sType: 1000338000
../../third_party/SwiftShader/src/Vulkan/VkPhysicalDevice.cpp:649 WARNING: UNSUPPORTED: curExtension->sType: 1000437000
../../third_party/SwiftShader/src/Vulkan/VkPhysicalDevice.cpp:649 WARNING: UNSUPPORTED: curExtension->sType: 1000338000
../../third_party/SwiftShader/src/Vulkan/VkPhysicalDevice.cpp:649 WARNING: UNSUPPORTED: curExtension->sType: 1000437000
../../third_party/SwiftShader/src/Vulkan/VkPhysicalDevice.cpp:649 WARNING: UNSUPPORTED: curExtension->sType: 1000338000
../../third_party/SwiftShader/src/Vulkan/VkPhysicalDevice.cpp:649 WARNING: UNSUPPORTED: curExtension->sType: 1000437000
INFO         | Created VkDevice:0x1407f0010 for application:'PhyToyEngine' instance:0x112b86200. ASTC emulation:off CPU decoding:off.
INFO         | Destroyed VkDevice:0x1407f0010
INFO         | Destroyed VkInstance:0x112b86200 for application:'PhyToyEngine' engine:'PhyToyEngine'.
INFO         | Created VkInstance:0x31467fe00 for application:'PhyToyEngine' engine:'PhyToyEngine'.
../../third_party/SwiftShader/src/Vulkan/VkPhysicalDevice.cpp:649 WARNING: UNSUPPORTED: curExtension->sType: 1000338000
../../third_party/SwiftShader/src/Vulkan/VkPhysicalDevice.cpp:649 WARNING: UNSUPPORTED: curExtension->sType: 1000437000
../../third_party/SwiftShader/src/Vulkan/VkPhysicalDevice.cpp:649 WARNING: UNSUPPORTED: curExtension->sType: 1000338000
../../third_party/SwiftShader/src/Vulkan/VkPhysicalDevice.cpp:649 WARNING: UNSUPPORTED: curExtension->sType: 1000437000
../../third_party/SwiftShader/src/Vulkan/VkPhysicalDevice.cpp:649 WARNING: UNSUPPORTED: curExtension->sType: 1000338000
../../third_party/SwiftShader/src/Vulkan/VkPhysicalDevice.cpp:649 WARNING: UNSUPPORTED: curExtension->sType: 1000437000
../../third_party/SwiftShader/src/Vulkan/VkPhysicalDevice.cpp:649 WARNING: UNSUPPORTED: curExtension->sType: 1000338000
../../third_party/SwiftShader/src/Vulkan/VkPhysicalDevice.cpp:649 WARNING: UNSUPPORTED: curExtension->sType: 1000437000
../../third_party/SwiftShader/src/Vulkan/VkPhysicalDevice.cpp:649 WARNING: UNSUPPORTED: curExtension->sType: 1000338000
../../third_party/SwiftShader/src/Vulkan/VkPhysicalDevice.cpp:649 WARNING: UNSUPPORTED: curExtension->sType: 1000437000
../../third_party/SwiftShader/src/Vulkan/VkPhysicalDevice.cpp:649 WARNING: UNSUPPORTED: curExtension->sType: 1000338000
../../third_party/SwiftShader/src/Vulkan/VkPhysicalDevice.cpp:649 WARNING: UNSUPPORTED: curExtension->sType: 1000437000
../../third_party/SwiftShader/src/Vulkan/VkPhysicalDevice.cpp:649 WARNING: UNSUPPORTED: curExtension->sType: 1000338000
../../third_party/SwiftShader/src/Vulkan/VkPhysicalDevice.cpp:649 WARNING: UNSUPPORTED: curExtension->sType: 1000437000
../../third_party/SwiftShader/src/Vulkan/VkPhysicalDevice.cpp:649 WARNING: UNSUPPORTED: curExtension->sType: 1000338000
../../third_party/SwiftShader/src/Vulkan/VkPhysicalDevice.cpp:649 WARNING: UNSUPPORTED: curExtension->sType: 1000437000
INFO         | Created VkDevice:0x129048010 for application:'PhyToyEngine' instance:0x31467fe00. ASTC emulation:off CPU decoding:off.
INFO         | Destroyed VkDevice:0x129048010
INFO         | Destroyed VkInstance:0x31467fe00 for application:'PhyToyEngine' engine:'PhyToyEngine'.
INFO         | Created VkInstance:0x31fe44200 for application:'PhyToyEngine' engine:'PhyToyEngine'.
../../third_party/SwiftShader/src/Vulkan/VkPhysicalDevice.cpp:649 WARNING: UNSUPPORTED: curExtension->sType: 1000338000
../../third_party/SwiftShader/src/Vulkan/VkPhysicalDevice.cpp:649 WARNING: UNSUPPORTED: curExtension->sType: 1000437000
../../third_party/SwiftShader/src/Vulkan/VkPhysicalDevice.cpp:649 WARNING: UNSUPPORTED: curExtension->sType: 1000338000
../../third_party/SwiftShader/src/Vulkan/VkPhysicalDevice.cpp:649 WARNING: UNSUPPORTED: curExtension->sType: 1000437000
../../third_party/SwiftShader/src/Vulkan/VkPhysicalDevice.cpp:649 WARNING: UNSUPPORTED: curExtension->sType: 1000338000
../../third_party/SwiftShader/src/Vulkan/VkPhysicalDevice.cpp:649 WARNING: UNSUPPORTED: curExtension->sType: 1000437000
../../third_party/SwiftShader/src/Vulkan/VkPhysicalDevice.cpp:649 WARNING: UNSUPPORTED: curExtension->sType: 1000338000
../../third_party/SwiftShader/src/Vulkan/VkPhysicalDevice.cpp:649 WARNING: UNSUPPORTED: curExtension->sType: 1000437000
../../third_party/SwiftShader/src/Vulkan/VkPhysicalDevice.cpp:649 WARNING: UNSUPPORTED: curExtension->sType: 1000338000
../../third_party/SwiftShader/src/Vulkan/VkPhysicalDevice.cpp:649 WARNING: UNSUPPORTED: curExtension->sType: 1000437000
../../third_party/SwiftShader/src/Vulkan/VkPhysicalDevice.cpp:649 WARNING: UNSUPPORTED: curExtension->sType: 1000338000
../../third_party/SwiftShader/src/Vulkan/VkPhysicalDevice.cpp:649 WARNING: UNSUPPORTED: curExtension->sType: 1000437000
../../third_party/SwiftShader/src/Vulkan/VkPhysicalDevice.cpp:649 WARNING: UNSUPPORTED: curExtension->sType: 1000338000
../../third_party/SwiftShader/src/Vulkan/VkPhysicalDevice.cpp:649 WARNING: UNSUPPORTED: curExtension->sType: 1000437000
../../third_party/SwiftShader/src/Vulkan/VkPhysicalDevice.cpp:649 WARNING: UNSUPPORTED: curExtension->sType: 1000338000
../../third_party/SwiftShader/src/Vulkan/VkPhysicalDevice.cpp:649 WARNING: UNSUPPORTED: curExtension->sType: 1000437000
INFO         | Created VkDevice:0x133c38010 for application:'PhyToyEngine' instance:0x31fe44200. ASTC emulation:off CPU decoding:off.
INFO         | Destroyed VkDevice:0x133c38010
INFO         | Destroyed VkInstance:0x31fe44200 for application:'PhyToyEngine' engine:'PhyToyEngine'.
INFO         | Created VkInstance:0x31467f000 for application:'PhyToyEngine' engine:'PhyToyEngine'.
../../third_party/SwiftShader/src/Vulkan/VkPhysicalDevice.cpp:649 WARNING: UNSUPPORTED: curExtension->sType: 1000338000
../../third_party/SwiftShader/src/Vulkan/VkPhysicalDevice.cpp:649 WARNING: UNSUPPORTED: curExtension->sType: 1000437000
../../third_party/SwiftShader/src/Vulkan/VkPhysicalDevice.cpp:649 WARNING: UNSUPPORTED: curExtension->sType: 1000338000
../../third_party/SwiftShader/src/Vulkan/VkPhysicalDevice.cpp:649 WARNING: UNSUPPORTED: curExtension->sType: 1000437000
../../third_party/SwiftShader/src/Vulkan/VkPhysicalDevice.cpp:649 WARNING: UNSUPPORTED: curExtension->sType: 1000338000
../../third_party/SwiftShader/src/Vulkan/VkPhysicalDevice.cpp:649 WARNING: UNSUPPORTED: curExtension->sType: 1000437000
../../third_party/SwiftShader/src/Vulkan/VkPhysicalDevice.cpp:649 WARNING: UNSUPPORTED: curExtension->sType: 1000338000
../../third_party/SwiftShader/src/Vulkan/VkPhysicalDevice.cpp:649 WARNING: UNSUPPORTED: curExtension->sType: 1000437000
../../third_party/SwiftShader/src/Vulkan/VkPhysicalDevice.cpp:649 WARNING: UNSUPPORTED: curExtension->sType: 1000338000
../../third_party/SwiftShader/src/Vulkan/VkPhysicalDevice.cpp:649 WARNING: UNSUPPORTED: curExtension->sType: 1000437000
../../third_party/SwiftShader/src/Vulkan/VkPhysicalDevice.cpp:649 WARNING: UNSUPPORTED: curExtension->sType: 1000338000
../../third_party/SwiftShader/src/Vulkan/VkPhysicalDevice.cpp:649 WARNING: UNSUPPORTED: curExtension->sType: 1000437000
../../third_party/SwiftShader/src/Vulkan/VkPhysicalDevice.cpp:649 WARNING: UNSUPPORTED: curExtension->sType: 1000338000
../../third_party/SwiftShader/src/Vulkan/VkPhysicalDevice.cpp:649 WARNING: UNSUPPORTED: curExtension->sType: 1000437000
../../third_party/SwiftShader/src/Vulkan/VkPhysicalDevice.cpp:649 WARNING: UNSUPPORTED: curExtension->sType: 1000338000
../../third_party/SwiftShader/src/Vulkan/VkPhysicalDevice.cpp:649 WARNING: UNSUPPORTED: curExtension->sType: 1000437000
INFO         | Created VkDevice:0x133c38010 for application:'PhyToyEngine' instance:0x31467f000. ASTC emulation:off CPU decoding:off.
INFO         | Destroyed VkDevice:0x133c38010
INFO         | Destroyed VkInstance:0x31467f000 for application:'PhyToyEngine' engine:'PhyToyEngine'.
INFO         | Created VkInstance:0x31467f000 for application:'PhyToyEngine' engine:'PhyToyEngine'.
../../third_party/SwiftShader/src/Vulkan/VkPhysicalDevice.cpp:649 WARNING: UNSUPPORTED: curExtension->sType: 1000338000
../../third_party/SwiftShader/src/Vulkan/VkPhysicalDevice.cpp:649 WARNING: UNSUPPORTED: curExtension->sType: 1000437000
../../third_party/SwiftShader/src/Vulkan/VkPhysicalDevice.cpp:649 WARNING: UNSUPPORTED: curExtension->sType: 1000338000
../../third_party/SwiftShader/src/Vulkan/VkPhysicalDevice.cpp:649 WARNING: UNSUPPORTED: curExtension->sType: 1000437000
../../third_party/SwiftShader/src/Vulkan/VkPhysicalDevice.cpp:649 WARNING: UNSUPPORTED: curExtension->sType: 1000338000
../../third_party/SwiftShader/src/Vulkan/VkPhysicalDevice.cpp:649 WARNING: UNSUPPORTED: curExtension->sType: 1000437000
../../third_party/SwiftShader/src/Vulkan/VkPhysicalDevice.cpp:649 WARNING: UNSUPPORTED: curExtension->sType: 1000338000
../../third_party/SwiftShader/src/Vulkan/VkPhysicalDevice.cpp:649 WARNING: UNSUPPORTED: curExtension->sType: 1000437000
../../third_party/SwiftShader/src/Vulkan/VkPhysicalDevice.cpp:649 WARNING: UNSUPPORTED: curExtension->sType: 1000338000
../../third_party/SwiftShader/src/Vulkan/VkPhysicalDevice.cpp:649 WARNING: UNSUPPORTED: curExtension->sType: 1000437000
../../third_party/SwiftShader/src/Vulkan/VkPhysicalDevice.cpp:649 WARNING: UNSUPPORTED: curExtension->sType: 1000338000
../../third_party/SwiftShader/src/Vulkan/VkPhysicalDevice.cpp:649 WARNING: UNSUPPORTED: curExtension->sType: 1000437000
../../third_party/SwiftShader/src/Vulkan/VkPhysicalDevice.cpp:649 WARNING: UNSUPPORTED: curExtension->sType: 1000338000
../../third_party/SwiftShader/src/Vulkan/VkPhysicalDevice.cpp:649 WARNING: UNSUPPORTED: curExtension->sType: 1000437000
../../third_party/SwiftShader/src/Vulkan/VkPhysicalDevice.cpp:649 WARNING: UNSUPPORTED: curExtension->sType: 1000338000
../../third_party/SwiftShader/src/Vulkan/VkPhysicalDevice.cpp:649 WARNING: UNSUPPORTED: curExtension->sType: 1000437000
INFO         | Created VkDevice:0x179618010 for application:'PhyToyEngine' instance:0x31467f000. ASTC emulation:off CPU decoding:off.
INFO         | Destroyed VkDevice:0x179618010
INFO         | Destroyed VkInstance:0x31467f000 for application:'PhyToyEngine' engine:'PhyToyEngine'.
INFO         | Created VkInstance:0x31fd5e400 for application:'PhyToyEngine' engine:'PhyToyEngine'.
../../third_party/SwiftShader/src/Vulkan/VkPhysicalDevice.cpp:649 WARNING: UNSUPPORTED: curExtension->sType: 1000338000
../../third_party/SwiftShader/src/Vulkan/VkPhysicalDevice.cpp:649 WARNING: UNSUPPORTED: curExtension->sType: 1000437000
../../third_party/SwiftShader/src/Vulkan/VkPhysicalDevice.cpp:649 WARNING: UNSUPPORTED: curExtension->sType: 1000338000
../../third_party/SwiftShader/src/Vulkan/VkPhysicalDevice.cpp:649 WARNING: UNSUPPORTED: curExtension->sType: 1000437000
../../third_party/SwiftShader/src/Vulkan/VkPhysicalDevice.cpp:649 WARNING: UNSUPPORTED: curExtension->sType: 1000338000
../../third_party/SwiftShader/src/Vulkan/VkPhysicalDevice.cpp:649 WARNING: UNSUPPORTED: curExtension->sType: 1000437000
../../third_party/SwiftShader/src/Vulkan/VkPhysicalDevice.cpp:649 WARNING: UNSUPPORTED: curExtension->sType: 1000338000
../../third_party/SwiftShader/src/Vulkan/VkPhysicalDevice.cpp:649 WARNING: UNSUPPORTED: curExtension->sType: 1000437000
../../third_party/SwiftShader/src/Vulkan/VkPhysicalDevice.cpp:649 WARNING: UNSUPPORTED: curExtension->sType: 1000338000
../../third_party/SwiftShader/src/Vulkan/VkPhysicalDevice.cpp:649 WARNING: UNSUPPORTED: curExtension->sType: 1000437000
../../third_party/SwiftShader/src/Vulkan/VkPhysicalDevice.cpp:649 WARNING: UNSUPPORTED: curExtension->sType: 1000338000
../../third_party/SwiftShader/src/Vulkan/VkPhysicalDevice.cpp:649 WARNING: UNSUPPORTED: curExtension->sType: 1000437000
../../third_party/SwiftShader/src/Vulkan/VkPhysicalDevice.cpp:649 WARNING: UNSUPPORTED: curExtension->sType: 1000338000
../../third_party/SwiftShader/src/Vulkan/VkPhysicalDevice.cpp:649 WARNING: UNSUPPORTED: curExtension->sType: 1000437000
../../third_party/SwiftShader/src/Vulkan/VkPhysicalDevice.cpp:649 WARNING: UNSUPPORTED: curExtension->sType: 1000338000
../../third_party/SwiftShader/src/Vulkan/VkPhysicalDevice.cpp:649 WARNING: UNSUPPORTED: curExtension->sType: 1000437000
INFO         | Created VkDevice:0x179618010 for application:'PhyToyEngine' instance:0x31fd5e400. ASTC emulation:off CPU decoding:off.
INFO         | Destroyed VkDevice:0x179618010
INFO         | Destroyed VkInstance:0x31fd5e400 for application:'PhyToyEngine' engine:'PhyToyEngine'.
INFO         | Created VkInstance:0x31fd5e400 for application:'PhyToyEngine' engine:'PhyToyEngine'.
../../third_party/SwiftShader/src/Vulkan/VkPhysicalDevice.cpp:649 WARNING: UNSUPPORTED: curExtension->sType: 1000338000
../../third_party/SwiftShader/src/Vulkan/VkPhysicalDevice.cpp:649 WARNING: UNSUPPORTED: curExtension->sType: 1000437000
../../third_party/SwiftShader/src/Vulkan/VkPhysicalDevice.cpp:649 WARNING: UNSUPPORTED: curExtension->sType: 1000338000
../../third_party/SwiftShader/src/Vulkan/VkPhysicalDevice.cpp:649 WARNING: UNSUPPORTED: curExtension->sType: 1000437000
../../third_party/SwiftShader/src/Vulkan/VkPhysicalDevice.cpp:649 WARNING: UNSUPPORTED: curExtension->sType: 1000338000
../../third_party/SwiftShader/src/Vulkan/VkPhysicalDevice.cpp:649 WARNING: UNSUPPORTED: curExtension->sType: 1000437000
../../third_party/SwiftShader/src/Vulkan/VkPhysicalDevice.cpp:649 WARNING: UNSUPPORTED: curExtension->sType: 1000338000
../../third_party/SwiftShader/src/Vulkan/VkPhysicalDevice.cpp:649 WARNING: UNSUPPORTED: curExtension->sType: 1000437000
../../third_party/SwiftShader/src/Vulkan/VkPhysicalDevice.cpp:649 WARNING: UNSUPPORTED: curExtension->sType: 1000338000
../../third_party/SwiftShader/src/Vulkan/VkPhysicalDevice.cpp:649 WARNING: UNSUPPORTED: curExtension->sType: 1000437000
../../third_party/SwiftShader/src/Vulkan/VkPhysicalDevice.cpp:649 WARNING: UNSUPPORTED: curExtension->sType: 1000338000
../../third_party/SwiftShader/src/Vulkan/VkPhysicalDevice.cpp:649 WARNING: UNSUPPORTED: curExtension->sType: 1000437000
../../third_party/SwiftShader/src/Vulkan/VkPhysicalDevice.cpp:649 WARNING: UNSUPPORTED: curExtension->sType: 1000338000
../../third_party/SwiftShader/src/Vulkan/VkPhysicalDevice.cpp:649 WARNING: UNSUPPORTED: curExtension->sType: 1000437000
../../third_party/SwiftShader/src/Vulkan/VkPhysicalDevice.cpp:649 WARNING: UNSUPPORTED: curExtension->sType: 1000338000
../../third_party/SwiftShader/src/Vulkan/VkPhysicalDevice.cpp:649 WARNING: UNSUPPORTED: curExtension->sType: 1000437000
INFO         | Created VkDevice:0x137b20010 for application:'PhyToyEngine' instance:0x31fd5e400. ASTC emulation:off CPU decoding:off.
INFO         | Destroyed VkDevice:0x137b20010
INFO         | Destroyed VkInstance:0x31fd5e400 for application:'PhyToyEngine' engine:'PhyToyEngine'.
INFO         | Created VkInstance:0x112aaf000 for application:'PhyToyEngine' engine:'PhyToyEngine'.
../../third_party/SwiftShader/src/Vulkan/VkPhysicalDevice.cpp:649 WARNING: UNSUPPORTED: curExtension->sType: 1000338000
../../third_party/SwiftShader/src/Vulkan/VkPhysicalDevice.cpp:649 WARNING: UNSUPPORTED: curExtension->sType: 1000437000
../../third_party/SwiftShader/src/Vulkan/VkPhysicalDevice.cpp:649 WARNING: UNSUPPORTED: curExtension->sType: 1000338000
../../third_party/SwiftShader/src/Vulkan/VkPhysicalDevice.cpp:649 WARNING: UNSUPPORTED: curExtension->sType: 1000437000
../../third_party/SwiftShader/src/Vulkan/VkPhysicalDevice.cpp:649 WARNING: UNSUPPORTED: curExtension->sType: 1000338000
../../third_party/SwiftShader/src/Vulkan/VkPhysicalDevice.cpp:649 WARNING: UNSUPPORTED: curExtension->sType: 1000437000
../../third_party/SwiftShader/src/Vulkan/VkPhysicalDevice.cpp:649 WARNING: UNSUPPORTED: curExtension->sType: 1000338000
../../third_party/SwiftShader/src/Vulkan/VkPhysicalDevice.cpp:649 WARNING: UNSUPPORTED: curExtension->sType: 1000437000
../../third_party/SwiftShader/src/Vulkan/VkPhysicalDevice.cpp:649 WARNING: UNSUPPORTED: curExtension->sType: 1000338000
../../third_party/SwiftShader/src/Vulkan/VkPhysicalDevice.cpp:649 WARNING: UNSUPPORTED: curExtension->sType: 1000437000
../../third_party/SwiftShader/src/Vulkan/VkPhysicalDevice.cpp:649 WARNING: UNSUPPORTED: curExtension->sType: 1000338000
../../third_party/SwiftShader/src/Vulkan/VkPhysicalDevice.cpp:649 WARNING: UNSUPPORTED: curExtension->sType: 1000437000
../../third_party/SwiftShader/src/Vulkan/VkPhysicalDevice.cpp:649 WARNING: UNSUPPORTED: curExtension->sType: 1000338000
../../third_party/SwiftShader/src/Vulkan/VkPhysicalDevice.cpp:649 WARNING: UNSUPPORTED: curExtension->sType: 1000437000
../../third_party/SwiftShader/src/Vulkan/VkPhysicalDevice.cpp:649 WARNING: UNSUPPORTED: curExtension->sType: 1000338000
../../third_party/SwiftShader/src/Vulkan/VkPhysicalDevice.cpp:649 WARNING: UNSUPPORTED: curExtension->sType: 1000437000
INFO         | Created VkDevice:0x12a298010 for application:'PhyToyEngine' instance:0x112aaf000. ASTC emulation:off CPU decoding:off.
INFO         | Destroyed VkDevice:0x12a298010
INFO         | Destroyed VkInstance:0x112aaf000 for application:'PhyToyEngine' engine:'PhyToyEngine'.
INFO         | Created VkInstance:0x11a73cc00 for application:'PhyToyEngine' engine:'PhyToyEngine'.
../../third_party/SwiftShader/src/Vulkan/VkPhysicalDevice.cpp:649 WARNING: UNSUPPORTED: curExtension->sType: 1000338000
../../third_party/SwiftShader/src/Vulkan/VkPhysicalDevice.cpp:649 WARNING: UNSUPPORTED: curExtension->sType: 1000437000
../../third_party/SwiftShader/src/Vulkan/VkPhysicalDevice.cpp:649 WARNING: UNSUPPORTED: curExtension->sType: 1000338000
../../third_party/SwiftShader/src/Vulkan/VkPhysicalDevice.cpp:649 WARNING: UNSUPPORTED: curExtension->sType: 1000437000
../../third_party/SwiftShader/src/Vulkan/VkPhysicalDevice.cpp:649 WARNING: UNSUPPORTED: curExtension->sType: 1000338000
../../third_party/SwiftShader/src/Vulkan/VkPhysicalDevice.cpp:649 WARNING: UNSUPPORTED: curExtension->sType: 1000437000
../../third_party/SwiftShader/src/Vulkan/VkPhysicalDevice.cpp:649 WARNING: UNSUPPORTED: curExtension->sType: 1000338000
../../third_party/SwiftShader/src/Vulkan/VkPhysicalDevice.cpp:649 WARNING: UNSUPPORTED: curExtension->sType: 1000437000
../../third_party/SwiftShader/src/Vulkan/VkPhysicalDevice.cpp:649 WARNING: UNSUPPORTED: curExtension->sType: 1000338000
../../third_party/SwiftShader/src/Vulkan/VkPhysicalDevice.cpp:649 WARNING: UNSUPPORTED: curExtension->sType: 1000437000
../../third_party/SwiftShader/src/Vulkan/VkPhysicalDevice.cpp:649 WARNING: UNSUPPORTED: curExtension->sType: 1000338000
../../third_party/SwiftShader/src/Vulkan/VkPhysicalDevice.cpp:649 WARNING: UNSUPPORTED: curExtension->sType: 1000437000
../../third_party/SwiftShader/src/Vulkan/VkPhysicalDevice.cpp:649 WARNING: UNSUPPORTED: curExtension->sType: 1000338000
../../third_party/SwiftShader/src/Vulkan/VkPhysicalDevice.cpp:649 WARNING: UNSUPPORTED: curExtension->sType: 1000437000
../../third_party/SwiftShader/src/Vulkan/VkPhysicalDevice.cpp:649 WARNING: UNSUPPORTED: curExtension->sType: 1000338000
../../third_party/SwiftShader/src/Vulkan/VkPhysicalDevice.cpp:649 WARNING: UNSUPPORTED: curExtension->sType: 1000437000
INFO         | Created VkDevice:0x329120010 for application:'PhyToyEngine' instance:0x11a73cc00. ASTC emulation:off CPU decoding:off.
INFO         | Destroyed VkDevice:0x329120010
INFO         | Destroyed VkInstance:0x11a73cc00 for application:'PhyToyEngine' engine:'PhyToyEngine'.
INFO         | Created VkInstance:0x112c9e000 for application:'PhyToyEngine' engine:'PhyToyEngine'.
../../third_party/SwiftShader/src/Vulkan/VkPhysicalDevice.cpp:649 WARNING: UNSUPPORTED: curExtension->sType: 1000338000
../../third_party/SwiftShader/src/Vulkan/VkPhysicalDevice.cpp:649 WARNING: UNSUPPORTED: curExtension->sType: 1000437000
../../third_party/SwiftShader/src/Vulkan/VkPhysicalDevice.cpp:649 WARNING: UNSUPPORTED: curExtension->sType: 1000338000
../../third_party/SwiftShader/src/Vulkan/VkPhysicalDevice.cpp:649 WARNING: UNSUPPORTED: curExtension->sType: 1000437000
../../third_party/SwiftShader/src/Vulkan/VkPhysicalDevice.cpp:649 WARNING: UNSUPPORTED: curExtension->sType: 1000338000
../../third_party/SwiftShader/src/Vulkan/VkPhysicalDevice.cpp:649 WARNING: UNSUPPORTED: curExtension->sType: 1000437000
../../third_party/SwiftShader/src/Vulkan/VkPhysicalDevice.cpp:649 WARNING: UNSUPPORTED: curExtension->sType: 1000338000
../../third_party/SwiftShader/src/Vulkan/VkPhysicalDevice.cpp:649 WARNING: UNSUPPORTED: curExtension->sType: 1000437000
../../third_party/SwiftShader/src/Vulkan/VkPhysicalDevice.cpp:649 WARNING: UNSUPPORTED: curExtension->sType: 1000338000
../../third_party/SwiftShader/src/Vulkan/VkPhysicalDevice.cpp:649 WARNING: UNSUPPORTED: curExtension->sType: 1000437000
../../third_party/SwiftShader/src/Vulkan/VkPhysicalDevice.cpp:649 WARNING: UNSUPPORTED: curExtension->sType: 1000338000
../../third_party/SwiftShader/src/Vulkan/VkPhysicalDevice.cpp:649 WARNING: UNSUPPORTED: curExtension->sType: 1000437000
../../third_party/SwiftShader/src/Vulkan/VkPhysicalDevice.cpp:649 WARNING: UNSUPPORTED: curExtension->sType: 1000338000
../../third_party/SwiftShader/src/Vulkan/VkPhysicalDevice.cpp:649 WARNING: UNSUPPORTED: curExtension->sType: 1000437000
../../third_party/SwiftShader/src/Vulkan/VkPhysicalDevice.cpp:649 WARNING: UNSUPPORTED: curExtension->sType: 1000338000
../../third_party/SwiftShader/src/Vulkan/VkPhysicalDevice.cpp:649 WARNING: UNSUPPORTED: curExtension->sType: 1000437000
INFO         | Created VkDevice:0x178f60010 for application:'PhyToyEngine' instance:0x112c9e000. ASTC emulation:off CPU decoding:off.
INFO         | Destroyed VkDevice:0x178f60010
INFO         | Destroyed VkInstance:0x112c9e000 for application:'PhyToyEngine' engine:'PhyToyEngine'.
INFO         | Created VkInstance:0x13a137800 for application:'PhyToyEngine' engine:'PhyToyEngine'.
../../third_party/SwiftShader/src/Vulkan/VkPhysicalDevice.cpp:649 WARNING: UNSUPPORTED: curExtension->sType: 1000338000
../../third_party/SwiftShader/src/Vulkan/VkPhysicalDevice.cpp:649 WARNING: UNSUPPORTED: curExtension->sType: 1000437000
../../third_party/SwiftShader/src/Vulkan/VkPhysicalDevice.cpp:649 WARNING: UNSUPPORTED: curExtension->sType: 1000338000
../../third_party/SwiftShader/src/Vulkan/VkPhysicalDevice.cpp:649 WARNING: UNSUPPORTED: curExtension->sType: 1000437000
../../third_party/SwiftShader/src/Vulkan/VkPhysicalDevice.cpp:649 WARNING: UNSUPPORTED: curExtension->sType: 1000338000
../../third_party/SwiftShader/src/Vulkan/VkPhysicalDevice.cpp:649 WARNING: UNSUPPORTED: curExtension->sType: 1000437000
../../third_party/SwiftShader/src/Vulkan/VkPhysicalDevice.cpp:649 WARNING: UNSUPPORTED: curExtension->sType: 1000338000
../../third_party/SwiftShader/src/Vulkan/VkPhysicalDevice.cpp:649 WARNING: UNSUPPORTED: curExtension->sType: 1000437000
../../third_party/SwiftShader/src/Vulkan/VkPhysicalDevice.cpp:649 WARNING: UNSUPPORTED: curExtension->sType: 1000338000
../../third_party/SwiftShader/src/Vulkan/VkPhysicalDevice.cpp:649 WARNING: UNSUPPORTED: curExtension->sType: 1000437000
../../third_party/SwiftShader/src/Vulkan/VkPhysicalDevice.cpp:649 WARNING: UNSUPPORTED: curExtension->sType: 1000338000
../../third_party/SwiftShader/src/Vulkan/VkPhysicalDevice.cpp:649 WARNING: UNSUPPORTED: curExtension->sType: 1000437000
../../third_party/SwiftShader/src/Vulkan/VkPhysicalDevice.cpp:649 WARNING: UNSUPPORTED: curExtension->sType: 1000338000
../../third_party/SwiftShader/src/Vulkan/VkPhysicalDevice.cpp:649 WARNING: UNSUPPORTED: curExtension->sType: 1000437000
../../third_party/SwiftShader/src/Vulkan/VkPhysicalDevice.cpp:649 WARNING: UNSUPPORTED: curExtension->sType: 1000338000
../../third_party/SwiftShader/src/Vulkan/VkPhysicalDevice.cpp:649 WARNING: UNSUPPORTED: curExtension->sType: 1000437000
INFO         | Created VkDevice:0x3286a8010 for application:'PhyToyEngine' instance:0x13a137800. ASTC emulation:off CPU decoding:off.
INFO         | Destroyed VkDevice:0x3286a8010
INFO         | Destroyed VkInstance:0x13a137800 for application:'PhyToyEngine' engine:'PhyToyEngine'.
INFO         | Created VkInstance:0x13b3dde00 for application:'PhyToyEngine' engine:'PhyToyEngine'.
../../third_party/SwiftShader/src/Vulkan/VkPhysicalDevice.cpp:649 WARNING: UNSUPPORTED: curExtension->sType: 1000338000
../../third_party/SwiftShader/src/Vulkan/VkPhysicalDevice.cpp:649 WARNING: UNSUPPORTED: curExtension->sType: 1000437000
../../third_party/SwiftShader/src/Vulkan/VkPhysicalDevice.cpp:649 WARNING: UNSUPPORTED: curExtension->sType: 1000338000
../../third_party/SwiftShader/src/Vulkan/VkPhysicalDevice.cpp:649 WARNING: UNSUPPORTED: curExtension->sType: 1000437000
../../third_party/SwiftShader/src/Vulkan/VkPhysicalDevice.cpp:649 WARNING: UNSUPPORTED: curExtension->sType: 1000338000
../../third_party/SwiftShader/src/Vulkan/VkPhysicalDevice.cpp:649 WARNING: UNSUPPORTED: curExtension->sType: 1000437000
../../third_party/SwiftShader/src/Vulkan/VkPhysicalDevice.cpp:649 WARNING: UNSUPPORTED: curExtension->sType: 1000338000
../../third_party/SwiftShader/src/Vulkan/VkPhysicalDevice.cpp:649 WARNING: UNSUPPORTED: curExtension->sType: 1000437000
../../third_party/SwiftShader/src/Vulkan/VkPhysicalDevice.cpp:649 WARNING: UNSUPPORTED: curExtension->sType: 1000338000
../../third_party/SwiftShader/src/Vulkan/VkPhysicalDevice.cpp:649 WARNING: UNSUPPORTED: curExtension->sType: 1000437000
../../third_party/SwiftShader/src/Vulkan/VkPhysicalDevice.cpp:649 WARNING: UNSUPPORTED: curExtension->sType: 1000338000
../../third_party/SwiftShader/src/Vulkan/VkPhysicalDevice.cpp:649 WARNING: UNSUPPORTED: curExtension->sType: 1000437000
../../third_party/SwiftShader/src/Vulkan/VkPhysicalDevice.cpp:649 WARNING: UNSUPPORTED: curExtension->sType: 1000338000
../../third_party/SwiftShader/src/Vulkan/VkPhysicalDevice.cpp:649 WARNING: UNSUPPORTED: curExtension->sType: 1000437000
../../third_party/SwiftShader/src/Vulkan/VkPhysicalDevice.cpp:649 WARNING: UNSUPPORTED: curExtension->sType: 1000338000
../../third_party/SwiftShader/src/Vulkan/VkPhysicalDevice.cpp:649 WARNING: UNSUPPORTED: curExtension->sType: 1000437000
INFO         | Created VkDevice:0x148770010 for application:'PhyToyEngine' instance:0x13b3dde00. ASTC emulation:off CPU decoding:off.
INFO         | Destroyed VkDevice:0x148770010
INFO         | Destroyed VkInstance:0x13b3dde00 for application:'PhyToyEngine' engine:'PhyToyEngine'.
INFO         | Created VkInstance:0x13d418000 for application:'PhyToyEngine' engine:'PhyToyEngine'.
../../third_party/SwiftShader/src/Vulkan/VkPhysicalDevice.cpp:649 WARNING: UNSUPPORTED: curExtension->sType: 1000338000
../../third_party/SwiftShader/src/Vulkan/VkPhysicalDevice.cpp:649 WARNING: UNSUPPORTED: curExtension->sType: 1000437000
../../third_party/SwiftShader/src/Vulkan/VkPhysicalDevice.cpp:649 WARNING: UNSUPPORTED: curExtension->sType: 1000338000
../../third_party/SwiftShader/src/Vulkan/VkPhysicalDevice.cpp:649 WARNING: UNSUPPORTED: curExtension->sType: 1000437000
../../third_party/SwiftShader/src/Vulkan/VkPhysicalDevice.cpp:649 WARNING: UNSUPPORTED: curExtension->sType: 1000338000
../../third_party/SwiftShader/src/Vulkan/VkPhysicalDevice.cpp:649 WARNING: UNSUPPORTED: curExtension->sType: 1000437000
../../third_party/SwiftShader/src/Vulkan/VkPhysicalDevice.cpp:649 WARNING: UNSUPPORTED: curExtension->sType: 1000338000
../../third_party/SwiftShader/src/Vulkan/VkPhysicalDevice.cpp:649 WARNING: UNSUPPORTED: curExtension->sType: 1000437000
../../third_party/SwiftShader/src/Vulkan/VkPhysicalDevice.cpp:649 WARNING: UNSUPPORTED: curExtension->sType: 1000338000
../../third_party/SwiftShader/src/Vulkan/VkPhysicalDevice.cpp:649 WARNING: UNSUPPORTED: curExtension->sType: 1000437000
../../third_party/SwiftShader/src/Vulkan/VkPhysicalDevice.cpp:649 WARNING: UNSUPPORTED: curExtension->sType: 1000338000
../../third_party/SwiftShader/src/Vulkan/VkPhysicalDevice.cpp:649 WARNING: UNSUPPORTED: curExtension->sType: 1000437000
../../third_party/SwiftShader/src/Vulkan/VkPhysicalDevice.cpp:649 WARNING: UNSUPPORTED: curExtension->sType: 1000338000
../../third_party/SwiftShader/src/Vulkan/VkPhysicalDevice.cpp:649 WARNING: UNSUPPORTED: curExtension->sType: 1000437000
../../third_party/SwiftShader/src/Vulkan/VkPhysicalDevice.cpp:649 WARNING: UNSUPPORTED: curExtension->sType: 1000338000
../../third_party/SwiftShader/src/Vulkan/VkPhysicalDevice.cpp:649 WARNING: UNSUPPORTED: curExtension->sType: 1000437000
INFO         | Created VkDevice:0x148770010 for application:'PhyToyEngine' instance:0x13d418000. ASTC emulation:off CPU decoding:off.
INFO         | Destroyed VkDevice:0x148770010
INFO         | Destroyed VkInstance:0x13d418000 for application:'PhyToyEngine' engine:'PhyToyEngine'.
INFO         | Created VkInstance:0x31f879400 for application:'PhyToyEngine' engine:'PhyToyEngine'.
../../third_party/SwiftShader/src/Vulkan/VkPhysicalDevice.cpp:649 WARNING: UNSUPPORTED: curExtension->sType: 1000338000
../../third_party/SwiftShader/src/Vulkan/VkPhysicalDevice.cpp:649 WARNING: UNSUPPORTED: curExtension->sType: 1000437000
../../third_party/SwiftShader/src/Vulkan/VkPhysicalDevice.cpp:649 WARNING: UNSUPPORTED: curExtension->sType: 1000338000
../../third_party/SwiftShader/src/Vulkan/VkPhysicalDevice.cpp:649 WARNING: UNSUPPORTED: curExtension->sType: 1000437000
../../third_party/SwiftShader/src/Vulkan/VkPhysicalDevice.cpp:649 WARNING: UNSUPPORTED: curExtension->sType: 1000338000
../../third_party/SwiftShader/src/Vulkan/VkPhysicalDevice.cpp:649 WARNING: UNSUPPORTED: curExtension->sType: 1000437000
../../third_party/SwiftShader/src/Vulkan/VkPhysicalDevice.cpp:649 WARNING: UNSUPPORTED: curExtension->sType: 1000338000
../../third_party/SwiftShader/src/Vulkan/VkPhysicalDevice.cpp:649 WARNING: UNSUPPORTED: curExtension->sType: 1000437000
../../third_party/SwiftShader/src/Vulkan/VkPhysicalDevice.cpp:649 WARNING: UNSUPPORTED: curExtension->sType: 1000338000
../../third_party/SwiftShader/src/Vulkan/VkPhysicalDevice.cpp:649 WARNING: UNSUPPORTED: curExtension->sType: 1000437000
../../third_party/SwiftShader/src/Vulkan/VkPhysicalDevice.cpp:649 WARNING: UNSUPPORTED: curExtension->sType: 1000338000
../../third_party/SwiftShader/src/Vulkan/VkPhysicalDevice.cpp:649 WARNING: UNSUPPORTED: curExtension->sType: 1000437000
../../third_party/SwiftShader/src/Vulkan/VkPhysicalDevice.cpp:649 WARNING: UNSUPPORTED: curExtension->sType: 1000338000
../../third_party/SwiftShader/src/Vulkan/VkPhysicalDevice.cpp:649 WARNING: UNSUPPORTED: curExtension->sType: 1000437000
../../third_party/SwiftShader/src/Vulkan/VkPhysicalDevice.cpp:649 WARNING: UNSUPPORTED: curExtension->sType: 1000338000
../../third_party/SwiftShader/src/Vulkan/VkPhysicalDevice.cpp:649 WARNING: UNSUPPORTED: curExtension->sType: 1000437000
INFO         | Created VkDevice:0x329158010 for application:'PhyToyEngine' instance:0x31f879400. ASTC emulation:off CPU decoding:off.
INFO         | Destroyed VkDevice:0x329158010
INFO         | Destroyed VkInstance:0x31f879400 for application:'PhyToyEngine' engine:'PhyToyEngine'.
INFO         | Created VkInstance:0x13a69b200 for application:'PhyToyEngine' engine:'PhyToyEngine'.
../../third_party/SwiftShader/src/Vulkan/VkPhysicalDevice.cpp:649 WARNING: UNSUPPORTED: curExtension->sType: 1000338000
../../third_party/SwiftShader/src/Vulkan/VkPhysicalDevice.cpp:649 WARNING: UNSUPPORTED: curExtension->sType: 1000437000
../../third_party/SwiftShader/src/Vulkan/VkPhysicalDevice.cpp:649 WARNING: UNSUPPORTED: curExtension->sType: 1000338000
../../third_party/SwiftShader/src/Vulkan/VkPhysicalDevice.cpp:649 WARNING: UNSUPPORTED: curExtension->sType: 1000437000
../../third_party/SwiftShader/src/Vulkan/VkPhysicalDevice.cpp:649 WARNING: UNSUPPORTED: curExtension->sType: 1000338000
../../third_party/SwiftShader/src/Vulkan/VkPhysicalDevice.cpp:649 WARNING: UNSUPPORTED: curExtension->sType: 1000437000
../../third_party/SwiftShader/src/Vulkan/VkPhysicalDevice.cpp:649 WARNING: UNSUPPORTED: curExtension->sType: 1000338000
../../third_party/SwiftShader/src/Vulkan/VkPhysicalDevice.cpp:649 WARNING: UNSUPPORTED: curExtension->sType: 1000437000
../../third_party/SwiftShader/src/Vulkan/VkPhysicalDevice.cpp:649 WARNING: UNSUPPORTED: curExtension->sType: 1000338000
../../third_party/SwiftShader/src/Vulkan/VkPhysicalDevice.cpp:649 WARNING: UNSUPPORTED: curExtension->sType: 1000437000
../../third_party/SwiftShader/src/Vulkan/VkPhysicalDevice.cpp:649 WARNING: UNSUPPORTED: curExtension->sType: 1000338000
../../third_party/SwiftShader/src/Vulkan/VkPhysicalDevice.cpp:649 WARNING: UNSUPPORTED: curExtension->sType: 1000437000
../../third_party/SwiftShader/src/Vulkan/VkPhysicalDevice.cpp:649 WARNING: UNSUPPORTED: curExtension->sType: 1000338000
../../third_party/SwiftShader/src/Vulkan/VkPhysicalDevice.cpp:649 WARNING: UNSUPPORTED: curExtension->sType: 1000437000
../../third_party/SwiftShader/src/Vulkan/VkPhysicalDevice.cpp:649 WARNING: UNSUPPORTED: curExtension->sType: 1000338000
../../third_party/SwiftShader/src/Vulkan/VkPhysicalDevice.cpp:649 WARNING: UNSUPPORTED: curExtension->sType: 1000437000
INFO         | Created VkDevice:0x131580010 for application:'PhyToyEngine' instance:0x13a69b200. ASTC emulation:off CPU decoding:off.
INFO         | Destroyed VkDevice:0x131580010
INFO         | Destroyed VkInstance:0x13a69b200 for application:'PhyToyEngine' engine:'PhyToyEngine'.
INFO         | Created VkInstance:0x31f90ea00 for application:'PhyToyEngine' engine:'PhyToyEngine'.
../../third_party/SwiftShader/src/Vulkan/VkPhysicalDevice.cpp:649 WARNING: UNSUPPORTED: curExtension->sType: 1000338000
../../third_party/SwiftShader/src/Vulkan/VkPhysicalDevice.cpp:649 WARNING: UNSUPPORTED: curExtension->sType: 1000437000
../../third_party/SwiftShader/src/Vulkan/VkPhysicalDevice.cpp:649 WARNING: UNSUPPORTED: curExtension->sType: 1000338000
../../third_party/SwiftShader/src/Vulkan/VkPhysicalDevice.cpp:649 WARNING: UNSUPPORTED: curExtension->sType: 1000437000
../../third_party/SwiftShader/src/Vulkan/VkPhysicalDevice.cpp:649 WARNING: UNSUPPORTED: curExtension->sType: 1000338000
../../third_party/SwiftShader/src/Vulkan/VkPhysicalDevice.cpp:649 WARNING: UNSUPPORTED: curExtension->sType: 1000437000
../../third_party/SwiftShader/src/Vulkan/VkPhysicalDevice.cpp:649 WARNING: UNSUPPORTED: curExtension->sType: 1000338000
../../third_party/SwiftShader/src/Vulkan/VkPhysicalDevice.cpp:649 WARNING: UNSUPPORTED: curExtension->sType: 1000437000
../../third_party/SwiftShader/src/Vulkan/VkPhysicalDevice.cpp:649 WARNING: UNSUPPORTED: curExtension->sType: 1000338000
../../third_party/SwiftShader/src/Vulkan/VkPhysicalDevice.cpp:649 WARNING: UNSUPPORTED: curExtension->sType: 1000437000
../../third_party/SwiftShader/src/Vulkan/VkPhysicalDevice.cpp:649 WARNING: UNSUPPORTED: curExtension->sType: 1000338000
../../third_party/SwiftShader/src/Vulkan/VkPhysicalDevice.cpp:649 WARNING: UNSUPPORTED: curExtension->sType: 1000437000
../../third_party/SwiftShader/src/Vulkan/VkPhysicalDevice.cpp:649 WARNING: UNSUPPORTED: curExtension->sType: 1000338000
../../third_party/SwiftShader/src/Vulkan/VkPhysicalDevice.cpp:649 WARNING: UNSUPPORTED: curExtension->sType: 1000437000
../../third_party/SwiftShader/src/Vulkan/VkPhysicalDevice.cpp:649 WARNING: UNSUPPORTED: curExtension->sType: 1000338000
../../third_party/SwiftShader/src/Vulkan/VkPhysicalDevice.cpp:649 WARNING: UNSUPPORTED: curExtension->sType: 1000437000
INFO         | Created VkDevice:0x329158010 for application:'PhyToyEngine' instance:0x31f90ea00. ASTC emulation:off CPU decoding:off.
INFO         | Destroyed VkDevice:0x329158010
INFO         | Destroyed VkInstance:0x31f90ea00 for application:'PhyToyEngine' engine:'PhyToyEngine'.
INFO         | Created VkInstance:0x31f879400 for application:'PhyToyEngine' engine:'PhyToyEngine'.
../../third_party/SwiftShader/src/Vulkan/VkPhysicalDevice.cpp:649 WARNING: UNSUPPORTED: curExtension->sType: 1000338000
../../third_party/SwiftShader/src/Vulkan/VkPhysicalDevice.cpp:649 WARNING: UNSUPPORTED: curExtension->sType: 1000437000
../../third_party/SwiftShader/src/Vulkan/VkPhysicalDevice.cpp:649 WARNING: UNSUPPORTED: curExtension->sType: 1000338000
../../third_party/SwiftShader/src/Vulkan/VkPhysicalDevice.cpp:649 WARNING: UNSUPPORTED: curExtension->sType: 1000437000
../../third_party/SwiftShader/src/Vulkan/VkPhysicalDevice.cpp:649 WARNING: UNSUPPORTED: curExtension->sType: 1000338000
../../third_party/SwiftShader/src/Vulkan/VkPhysicalDevice.cpp:649 WARNING: UNSUPPORTED: curExtension->sType: 1000437000
../../third_party/SwiftShader/src/Vulkan/VkPhysicalDevice.cpp:649 WARNING: UNSUPPORTED: curExtension->sType: 1000338000
../../third_party/SwiftShader/src/Vulkan/VkPhysicalDevice.cpp:649 WARNING: UNSUPPORTED: curExtension->sType: 1000437000
../../third_party/SwiftShader/src/Vulkan/VkPhysicalDevice.cpp:649 WARNING: UNSUPPORTED: curExtension->sType: 1000338000
../../third_party/SwiftShader/src/Vulkan/VkPhysicalDevice.cpp:649 WARNING: UNSUPPORTED: curExtension->sType: 1000437000
../../third_party/SwiftShader/src/Vulkan/VkPhysicalDevice.cpp:649 WARNING: UNSUPPORTED: curExtension->sType: 1000338000
../../third_party/SwiftShader/src/Vulkan/VkPhysicalDevice.cpp:649 WARNING: UNSUPPORTED: curExtension->sType: 1000437000
../../third_party/SwiftShader/src/Vulkan/VkPhysicalDevice.cpp:649 WARNING: UNSUPPORTED: curExtension->sType: 1000338000
../../third_party/SwiftShader/src/Vulkan/VkPhysicalDevice.cpp:649 WARNING: UNSUPPORTED: curExtension->sType: 1000437000
../../third_party/SwiftShader/src/Vulkan/VkPhysicalDevice.cpp:649 WARNING: UNSUPPORTED: curExtension->sType: 1000338000
../../third_party/SwiftShader/src/Vulkan/VkPhysicalDevice.cpp:649 WARNING: UNSUPPORTED: curExtension->sType: 1000437000
INFO         | Created VkDevice:0x329158010 for application:'PhyToyEngine' instance:0x31f879400. ASTC emulation:off CPU decoding:off.
INFO         | Destroyed VkDevice:0x329158010
INFO         | Destroyed VkInstance:0x31f879400 for application:'PhyToyEngine' engine:'PhyToyEngine'.
INFO         | Created VkInstance:0x13cd35400 for application:'PhyToyEngine' engine:'PhyToyEngine'.
../../third_party/SwiftShader/src/Vulkan/VkPhysicalDevice.cpp:649 WARNING: UNSUPPORTED: curExtension->sType: 1000338000
../../third_party/SwiftShader/src/Vulkan/VkPhysicalDevice.cpp:649 WARNING: UNSUPPORTED: curExtension->sType: 1000437000
../../third_party/SwiftShader/src/Vulkan/VkPhysicalDevice.cpp:649 WARNING: UNSUPPORTED: curExtension->sType: 1000338000
../../third_party/SwiftShader/src/Vulkan/VkPhysicalDevice.cpp:649 WARNING: UNSUPPORTED: curExtension->sType: 1000437000
../../third_party/SwiftShader/src/Vulkan/VkPhysicalDevice.cpp:649 WARNING: UNSUPPORTED: curExtension->sType: 1000338000
../../third_party/SwiftShader/src/Vulkan/VkPhysicalDevice.cpp:649 WARNING: UNSUPPORTED: curExtension->sType: 1000437000
../../third_party/SwiftShader/src/Vulkan/VkPhysicalDevice.cpp:649 WARNING: UNSUPPORTED: curExtension->sType: 1000338000
../../third_party/SwiftShader/src/Vulkan/VkPhysicalDevice.cpp:649 WARNING: UNSUPPORTED: curExtension->sType: 1000437000
../../third_party/SwiftShader/src/Vulkan/VkPhysicalDevice.cpp:649 WARNING: UNSUPPORTED: curExtension->sType: 1000338000
../../third_party/SwiftShader/src/Vulkan/VkPhysicalDevice.cpp:649 WARNING: UNSUPPORTED: curExtension->sType: 1000437000
../../third_party/SwiftShader/src/Vulkan/VkPhysicalDevice.cpp:649 WARNING: UNSUPPORTED: curExtension->sType: 1000338000
../../third_party/SwiftShader/src/Vulkan/VkPhysicalDevice.cpp:649 WARNING: UNSUPPORTED: curExtension->sType: 1000437000
../../third_party/SwiftShader/src/Vulkan/VkPhysicalDevice.cpp:649 WARNING: UNSUPPORTED: curExtension->sType: 1000338000
../../third_party/SwiftShader/src/Vulkan/VkPhysicalDevice.cpp:649 WARNING: UNSUPPORTED: curExtension->sType: 1000437000
../../third_party/SwiftShader/src/Vulkan/VkPhysicalDevice.cpp:649 WARNING: UNSUPPORTED: curExtension->sType: 1000338000
../../third_party/SwiftShader/src/Vulkan/VkPhysicalDevice.cpp:649 WARNING: UNSUPPORTED: curExtension->sType: 1000437000
INFO         | Created VkDevice:0x133d00010 for application:'PhyToyEngine' instance:0x13cd35400. ASTC emulation:off CPU decoding:off.
INFO         | Destroyed VkDevice:0x133d00010
INFO         | Destroyed VkInstance:0x13cd35400 for application:'PhyToyEngine' engine:'PhyToyEngine'.
INFO         | Created VkInstance:0x11a19d400 for application:'PhyToyEngine' engine:'PhyToyEngine'.
../../third_party/SwiftShader/src/Vulkan/VkPhysicalDevice.cpp:649 WARNING: UNSUPPORTED: curExtension->sType: 1000338000
../../third_party/SwiftShader/src/Vulkan/VkPhysicalDevice.cpp:649 WARNING: UNSUPPORTED: curExtension->sType: 1000437000
../../third_party/SwiftShader/src/Vulkan/VkPhysicalDevice.cpp:649 WARNING: UNSUPPORTED: curExtension->sType: 1000338000
../../third_party/SwiftShader/src/Vulkan/VkPhysicalDevice.cpp:649 WARNING: UNSUPPORTED: curExtension->sType: 1000437000
../../third_party/SwiftShader/src/Vulkan/VkPhysicalDevice.cpp:649 WARNING: UNSUPPORTED: curExtension->sType: 1000338000
../../third_party/SwiftShader/src/Vulkan/VkPhysicalDevice.cpp:649 WARNING: UNSUPPORTED: curExtension->sType: 1000437000
../../third_party/SwiftShader/src/Vulkan/VkPhysicalDevice.cpp:649 WARNING: UNSUPPORTED: curExtension->sType: 1000338000
../../third_party/SwiftShader/src/Vulkan/VkPhysicalDevice.cpp:649 WARNING: UNSUPPORTED: curExtension->sType: 1000437000
../../third_party/SwiftShader/src/Vulkan/VkPhysicalDevice.cpp:649 WARNING: UNSUPPORTED: curExtension->sType: 1000338000
../../third_party/SwiftShader/src/Vulkan/VkPhysicalDevice.cpp:649 WARNING: UNSUPPORTED: curExtension->sType: 1000437000
../../third_party/SwiftShader/src/Vulkan/VkPhysicalDevice.cpp:649 WARNING: UNSUPPORTED: curExtension->sType: 1000338000
../../third_party/SwiftShader/src/Vulkan/VkPhysicalDevice.cpp:649 WARNING: UNSUPPORTED: curExtension->sType: 1000437000
../../third_party/SwiftShader/src/Vulkan/VkPhysicalDevice.cpp:649 WARNING: UNSUPPORTED: curExtension->sType: 1000338000
../../third_party/SwiftShader/src/Vulkan/VkPhysicalDevice.cpp:649 WARNING: UNSUPPORTED: curExtension->sType: 1000437000
../../third_party/SwiftShader/src/Vulkan/VkPhysicalDevice.cpp:649 WARNING: UNSUPPORTED: curExtension->sType: 1000338000
../../third_party/SwiftShader/src/Vulkan/VkPhysicalDevice.cpp:649 WARNING: UNSUPPORTED: curExtension->sType: 1000437000
INFO         | Created VkDevice:0x329e20010 for application:'PhyToyEngine' instance:0x11a19d400. ASTC emulation:off CPU decoding:off.
INFO         | Destroyed VkDevice:0x329e20010
INFO         | Destroyed VkInstance:0x11a19d400 for application:'PhyToyEngine' engine:'PhyToyEngine'.
INFO         | Created VkInstance:0x13a220800 for application:'PhyToyEngine' engine:'PhyToyEngine'.
../../third_party/SwiftShader/src/Vulkan/VkPhysicalDevice.cpp:649 WARNING: UNSUPPORTED: curExtension->sType: 1000338000
../../third_party/SwiftShader/src/Vulkan/VkPhysicalDevice.cpp:649 WARNING: UNSUPPORTED: curExtension->sType: 1000437000
../../third_party/SwiftShader/src/Vulkan/VkPhysicalDevice.cpp:649 WARNING: UNSUPPORTED: curExtension->sType: 1000338000
../../third_party/SwiftShader/src/Vulkan/VkPhysicalDevice.cpp:649 WARNING: UNSUPPORTED: curExtension->sType: 1000437000
../../third_party/SwiftShader/src/Vulkan/VkPhysicalDevice.cpp:649 WARNING: UNSUPPORTED: curExtension->sType: 1000338000
../../third_party/SwiftShader/src/Vulkan/VkPhysicalDevice.cpp:649 WARNING: UNSUPPORTED: curExtension->sType: 1000437000
../../third_party/SwiftShader/src/Vulkan/VkPhysicalDevice.cpp:649 WARNING: UNSUPPORTED: curExtension->sType: 1000338000
../../third_party/SwiftShader/src/Vulkan/VkPhysicalDevice.cpp:649 WARNING: UNSUPPORTED: curExtension->sType: 1000437000
../../third_party/SwiftShader/src/Vulkan/VkPhysicalDevice.cpp:649 WARNING: UNSUPPORTED: curExtension->sType: 1000338000
../../third_party/SwiftShader/src/Vulkan/VkPhysicalDevice.cpp:649 WARNING: UNSUPPORTED: curExtension->sType: 1000437000
../../third_party/SwiftShader/src/Vulkan/VkPhysicalDevice.cpp:649 WARNING: UNSUPPORTED: curExtension->sType: 1000338000
../../third_party/SwiftShader/src/Vulkan/VkPhysicalDevice.cpp:649 WARNING: UNSUPPORTED: curExtension->sType: 1000437000
../../third_party/SwiftShader/src/Vulkan/VkPhysicalDevice.cpp:649 WARNING: UNSUPPORTED: curExtension->sType: 1000338000
../../third_party/SwiftShader/src/Vulkan/VkPhysicalDevice.cpp:649 WARNING: UNSUPPORTED: curExtension->sType: 1000437000
../../third_party/SwiftShader/src/Vulkan/VkPhysicalDevice.cpp:649 WARNING: UNSUPPORTED: curExtension->sType: 1000338000
../../third_party/SwiftShader/src/Vulkan/VkPhysicalDevice.cpp:649 WARNING: UNSUPPORTED: curExtension->sType: 1000437000
INFO         | Created VkDevice:0x1487d8010 for application:'PhyToyEngine' instance:0x13a220800. ASTC emulation:off CPU decoding:off.
INFO         | Destroyed VkDevice:0x1487d8010
INFO         | Destroyed VkInstance:0x13a220800 for application:'PhyToyEngine' engine:'PhyToyEngine'.
INFO         | Created VkInstance:0x31fdd2800 for application:'PhyToyEngine' engine:'PhyToyEngine'.
../../third_party/SwiftShader/src/Vulkan/VkPhysicalDevice.cpp:649 WARNING: UNSUPPORTED: curExtension->sType: 1000338000
../../third_party/SwiftShader/src/Vulkan/VkPhysicalDevice.cpp:649 WARNING: UNSUPPORTED: curExtension->sType: 1000437000
../../third_party/SwiftShader/src/Vulkan/VkPhysicalDevice.cpp:649 WARNING: UNSUPPORTED: curExtension->sType: 1000338000
../../third_party/SwiftShader/src/Vulkan/VkPhysicalDevice.cpp:649 WARNING: UNSUPPORTED: curExtension->sType: 1000437000
../../third_party/SwiftShader/src/Vulkan/VkPhysicalDevice.cpp:649 WARNING: UNSUPPORTED: curExtension->sType: 1000338000
../../third_party/SwiftShader/src/Vulkan/VkPhysicalDevice.cpp:649 WARNING: UNSUPPORTED: curExtension->sType: 1000437000
../../third_party/SwiftShader/src/Vulkan/VkPhysicalDevice.cpp:649 WARNING: UNSUPPORTED: curExtension->sType: 1000338000
../../third_party/SwiftShader/src/Vulkan/VkPhysicalDevice.cpp:649 WARNING: UNSUPPORTED: curExtension->sType: 1000437000
../../third_party/SwiftShader/src/Vulkan/VkPhysicalDevice.cpp:649 WARNING: UNSUPPORTED: curExtension->sType: 1000338000
../../third_party/SwiftShader/src/Vulkan/VkPhysicalDevice.cpp:649 WARNING: UNSUPPORTED: curExtension->sType: 1000437000
../../third_party/SwiftShader/src/Vulkan/VkPhysicalDevice.cpp:649 WARNING: UNSUPPORTED: curExtension->sType: 1000338000
../../third_party/SwiftShader/src/Vulkan/VkPhysicalDevice.cpp:649 WARNING: UNSUPPORTED: curExtension->sType: 1000437000
../../third_party/SwiftShader/src/Vulkan/VkPhysicalDevice.cpp:649 WARNING: UNSUPPORTED: curExtension->sType: 1000338000
../../third_party/SwiftShader/src/Vulkan/VkPhysicalDevice.cpp:649 WARNING: UNSUPPORTED: curExtension->sType: 1000437000
../../third_party/SwiftShader/src/Vulkan/VkPhysicalDevice.cpp:649 WARNING: UNSUPPORTED: curExtension->sType: 1000338000
../../third_party/SwiftShader/src/Vulkan/VkPhysicalDevice.cpp:649 WARNING: UNSUPPORTED: curExtension->sType: 1000437000
INFO         | Created VkDevice:0x329158010 for application:'PhyToyEngine' instance:0x31fdd2800. ASTC emulation:off CPU decoding:off.
INFO         | Destroyed VkDevice:0x329158010
INFO         | Destroyed VkInstance:0x31fdd2800 for application:'PhyToyEngine' engine:'PhyToyEngine'.
INFO         | Created VkInstance:0x13c634000 for application:'PhyToyEngine' engine:'PhyToyEngine'.
../../third_party/SwiftShader/src/Vulkan/VkPhysicalDevice.cpp:649 WARNING: UNSUPPORTED: curExtension->sType: 1000338000
../../third_party/SwiftShader/src/Vulkan/VkPhysicalDevice.cpp:649 WARNING: UNSUPPORTED: curExtension->sType: 1000437000
../../third_party/SwiftShader/src/Vulkan/VkPhysicalDevice.cpp:649 WARNING: UNSUPPORTED: curExtension->sType: 1000338000
../../third_party/SwiftShader/src/Vulkan/VkPhysicalDevice.cpp:649 WARNING: UNSUPPORTED: curExtension->sType: 1000437000
../../third_party/SwiftShader/src/Vulkan/VkPhysicalDevice.cpp:649 WARNING: UNSUPPORTED: curExtension->sType: 1000338000
../../third_party/SwiftShader/src/Vulkan/VkPhysicalDevice.cpp:649 WARNING: UNSUPPORTED: curExtension->sType: 1000437000
../../third_party/SwiftShader/src/Vulkan/VkPhysicalDevice.cpp:649 WARNING: UNSUPPORTED: curExtension->sType: 1000338000
../../third_party/SwiftShader/src/Vulkan/VkPhysicalDevice.cpp:649 WARNING: UNSUPPORTED: curExtension->sType: 1000437000
../../third_party/SwiftShader/src/Vulkan/VkPhysicalDevice.cpp:649 WARNING: UNSUPPORTED: curExtension->sType: 1000338000
../../third_party/SwiftShader/src/Vulkan/VkPhysicalDevice.cpp:649 WARNING: UNSUPPORTED: curExtension->sType: 1000437000
../../third_party/SwiftShader/src/Vulkan/VkPhysicalDevice.cpp:649 WARNING: UNSUPPORTED: curExtension->sType: 1000338000
../../third_party/SwiftShader/src/Vulkan/VkPhysicalDevice.cpp:649 WARNING: UNSUPPORTED: curExtension->sType: 1000437000
../../third_party/SwiftShader/src/Vulkan/VkPhysicalDevice.cpp:649 WARNING: UNSUPPORTED: curExtension->sType: 1000338000
../../third_party/SwiftShader/src/Vulkan/VkPhysicalDevice.cpp:649 WARNING: UNSUPPORTED: curExtension->sType: 1000437000
../../third_party/SwiftShader/src/Vulkan/VkPhysicalDevice.cpp:649 WARNING: UNSUPPORTED: curExtension->sType: 1000338000
../../third_party/SwiftShader/src/Vulkan/VkPhysicalDevice.cpp:649 WARNING: UNSUPPORTED: curExtension->sType: 1000437000
INFO         | Created VkDevice:0x131e98010 for application:'PhyToyEngine' instance:0x13c634000. ASTC emulation:off CPU decoding:off.
INFO         | Destroyed VkDevice:0x131e98010
INFO         | Destroyed VkInstance:0x13c634000 for application:'PhyToyEngine' engine:'PhyToyEngine'.
INFO         | Created VkInstance:0x13c634000 for application:'PhyToyEngine' engine:'PhyToyEngine'.
../../third_party/SwiftShader/src/Vulkan/VkPhysicalDevice.cpp:649 WARNING: UNSUPPORTED: curExtension->sType: 1000338000
../../third_party/SwiftShader/src/Vulkan/VkPhysicalDevice.cpp:649 WARNING: UNSUPPORTED: curExtension->sType: 1000437000
../../third_party/SwiftShader/src/Vulkan/VkPhysicalDevice.cpp:649 WARNING: UNSUPPORTED: curExtension->sType: 1000338000
../../third_party/SwiftShader/src/Vulkan/VkPhysicalDevice.cpp:649 WARNING: UNSUPPORTED: curExtension->sType: 1000437000
../../third_party/SwiftShader/src/Vulkan/VkPhysicalDevice.cpp:649 WARNING: UNSUPPORTED: curExtension->sType: 1000338000
../../third_party/SwiftShader/src/Vulkan/VkPhysicalDevice.cpp:649 WARNING: UNSUPPORTED: curExtension->sType: 1000437000
../../third_party/SwiftShader/src/Vulkan/VkPhysicalDevice.cpp:649 WARNING: UNSUPPORTED: curExtension->sType: 1000338000
../../third_party/SwiftShader/src/Vulkan/VkPhysicalDevice.cpp:649 WARNING: UNSUPPORTED: curExtension->sType: 1000437000
../../third_party/SwiftShader/src/Vulkan/VkPhysicalDevice.cpp:649 WARNING: UNSUPPORTED: curExtension->sType: 1000338000
../../third_party/SwiftShader/src/Vulkan/VkPhysicalDevice.cpp:649 WARNING: UNSUPPORTED: curExtension->sType: 1000437000
../../third_party/SwiftShader/src/Vulkan/VkPhysicalDevice.cpp:649 WARNING: UNSUPPORTED: curExtension->sType: 1000338000
../../third_party/SwiftShader/src/Vulkan/VkPhysicalDevice.cpp:649 WARNING: UNSUPPORTED: curExtension->sType: 1000437000
../../third_party/SwiftShader/src/Vulkan/VkPhysicalDevice.cpp:649 WARNING: UNSUPPORTED: curExtension->sType: 1000338000
../../third_party/SwiftShader/src/Vulkan/VkPhysicalDevice.cpp:649 WARNING: UNSUPPORTED: curExtension->sType: 1000437000
../../third_party/SwiftShader/src/Vulkan/VkPhysicalDevice.cpp:649 WARNING: UNSUPPORTED: curExtension->sType: 1000338000
../../third_party/SwiftShader/src/Vulkan/VkPhysicalDevice.cpp:649 WARNING: UNSUPPORTED: curExtension->sType: 1000437000
INFO         | Created VkDevice:0x30d6b0010 for application:'PhyToyEngine' instance:0x13c634000. ASTC emulation:off CPU decoding:off.
INFO         | Destroyed VkDevice:0x30d6b0010
INFO         | Destroyed VkInstance:0x13c634000 for application:'PhyToyEngine' engine:'PhyToyEngine'.
INFO         | Created VkInstance:0x13ccf5600 for application:'PhyToyEngine' engine:'PhyToyEngine'.
../../third_party/SwiftShader/src/Vulkan/VkPhysicalDevice.cpp:649 WARNING: UNSUPPORTED: curExtension->sType: 1000338000
../../third_party/SwiftShader/src/Vulkan/VkPhysicalDevice.cpp:649 WARNING: UNSUPPORTED: curExtension->sType: 1000437000
../../third_party/SwiftShader/src/Vulkan/VkPhysicalDevice.cpp:649 WARNING: UNSUPPORTED: curExtension->sType: 1000338000
../../third_party/SwiftShader/src/Vulkan/VkPhysicalDevice.cpp:649 WARNING: UNSUPPORTED: curExtension->sType: 1000437000
../../third_party/SwiftShader/src/Vulkan/VkPhysicalDevice.cpp:649 WARNING: UNSUPPORTED: curExtension->sType: 1000338000
../../third_party/SwiftShader/src/Vulkan/VkPhysicalDevice.cpp:649 WARNING: UNSUPPORTED: curExtension->sType: 1000437000
../../third_party/SwiftShader/src/Vulkan/VkPhysicalDevice.cpp:649 WARNING: UNSUPPORTED: curExtension->sType: 1000338000
../../third_party/SwiftShader/src/Vulkan/VkPhysicalDevice.cpp:649 WARNING: UNSUPPORTED: curExtension->sType: 1000437000
../../third_party/SwiftShader/src/Vulkan/VkPhysicalDevice.cpp:649 WARNING: UNSUPPORTED: curExtension->sType: 1000338000
../../third_party/SwiftShader/src/Vulkan/VkPhysicalDevice.cpp:649 WARNING: UNSUPPORTED: curExtension->sType: 1000437000
../../third_party/SwiftShader/src/Vulkan/VkPhysicalDevice.cpp:649 WARNING: UNSUPPORTED: curExtension->sType: 1000338000
../../third_party/SwiftShader/src/Vulkan/VkPhysicalDevice.cpp:649 WARNING: UNSUPPORTED: curExtension->sType: 1000437000
../../third_party/SwiftShader/src/Vulkan/VkPhysicalDevice.cpp:649 WARNING: UNSUPPORTED: curExtension->sType: 1000338000
../../third_party/SwiftShader/src/Vulkan/VkPhysicalDevice.cpp:649 WARNING: UNSUPPORTED: curExtension->sType: 1000437000
../../third_party/SwiftShader/src/Vulkan/VkPhysicalDevice.cpp:649 WARNING: UNSUPPORTED: curExtension->sType: 1000338000
../../third_party/SwiftShader/src/Vulkan/VkPhysicalDevice.cpp:649 WARNING: UNSUPPORTED: curExtension->sType: 1000437000
INFO         | Created VkDevice:0x131af8010 for application:'PhyToyEngine' instance:0x13ccf5600. ASTC emulation:off CPU decoding:off.
INFO         | Destroyed VkDevice:0x131af8010
INFO         | Destroyed VkInstance:0x13ccf5600 for application:'PhyToyEngine' engine:'PhyToyEngine'.
INFO         | Created VkInstance:0x31fbd2200 for application:'PhyToyEngine' engine:'PhyToyEngine'.
../../third_party/SwiftShader/src/Vulkan/VkPhysicalDevice.cpp:649 WARNING: UNSUPPORTED: curExtension->sType: 1000338000
../../third_party/SwiftShader/src/Vulkan/VkPhysicalDevice.cpp:649 WARNING: UNSUPPORTED: curExtension->sType: 1000437000
../../third_party/SwiftShader/src/Vulkan/VkPhysicalDevice.cpp:649 WARNING: UNSUPPORTED: curExtension->sType: 1000338000
../../third_party/SwiftShader/src/Vulkan/VkPhysicalDevice.cpp:649 WARNING: UNSUPPORTED: curExtension->sType: 1000437000
../../third_party/SwiftShader/src/Vulkan/VkPhysicalDevice.cpp:649 WARNING: UNSUPPORTED: curExtension->sType: 1000338000
../../third_party/SwiftShader/src/Vulkan/VkPhysicalDevice.cpp:649 WARNING: UNSUPPORTED: curExtension->sType: 1000437000
../../third_party/SwiftShader/src/Vulkan/VkPhysicalDevice.cpp:649 WARNING: UNSUPPORTED: curExtension->sType: 1000338000
../../third_party/SwiftShader/src/Vulkan/VkPhysicalDevice.cpp:649 WARNING: UNSUPPORTED: curExtension->sType: 1000437000
../../third_party/SwiftShader/src/Vulkan/VkPhysicalDevice.cpp:649 WARNING: UNSUPPORTED: curExtension->sType: 1000338000
../../third_party/SwiftShader/src/Vulkan/VkPhysicalDevice.cpp:649 WARNING: UNSUPPORTED: curExtension->sType: 1000437000
../../third_party/SwiftShader/src/Vulkan/VkPhysicalDevice.cpp:649 WARNING: UNSUPPORTED: curExtension->sType: 1000338000
../../third_party/SwiftShader/src/Vulkan/VkPhysicalDevice.cpp:649 WARNING: UNSUPPORTED: curExtension->sType: 1000437000
../../third_party/SwiftShader/src/Vulkan/VkPhysicalDevice.cpp:649 WARNING: UNSUPPORTED: curExtension->sType: 1000338000
../../third_party/SwiftShader/src/Vulkan/VkPhysicalDevice.cpp:649 WARNING: UNSUPPORTED: curExtension->sType: 1000437000
../../third_party/SwiftShader/src/Vulkan/VkPhysicalDevice.cpp:649 WARNING: UNSUPPORTED: curExtension->sType: 1000338000
../../third_party/SwiftShader/src/Vulkan/VkPhysicalDevice.cpp:649 WARNING: UNSUPPORTED: curExtension->sType: 1000437000
INFO         | Created VkDevice:0x30da58010 for application:'PhyToyEngine' instance:0x31fbd2200. ASTC emulation:off CPU decoding:off.
INFO         | Destroyed VkDevice:0x30da58010
INFO         | Destroyed VkInstance:0x31fbd2200 for application:'PhyToyEngine' engine:'PhyToyEngine'.
INFO         | Created VkInstance:0x13b3dde00 for application:'PhyToyEngine' engine:'PhyToyEngine'.
../../third_party/SwiftShader/src/Vulkan/VkPhysicalDevice.cpp:649 WARNING: UNSUPPORTED: curExtension->sType: 1000338000
../../third_party/SwiftShader/src/Vulkan/VkPhysicalDevice.cpp:649 WARNING: UNSUPPORTED: curExtension->sType: 1000437000
../../third_party/SwiftShader/src/Vulkan/VkPhysicalDevice.cpp:649 WARNING: UNSUPPORTED: curExtension->sType: 1000338000
../../third_party/SwiftShader/src/Vulkan/VkPhysicalDevice.cpp:649 WARNING: UNSUPPORTED: curExtension->sType: 1000437000
../../third_party/SwiftShader/src/Vulkan/VkPhysicalDevice.cpp:649 WARNING: UNSUPPORTED: curExtension->sType: 1000338000
../../third_party/SwiftShader/src/Vulkan/VkPhysicalDevice.cpp:649 WARNING: UNSUPPORTED: curExtension->sType: 1000437000
../../third_party/SwiftShader/src/Vulkan/VkPhysicalDevice.cpp:649 WARNING: UNSUPPORTED: curExtension->sType: 1000338000
../../third_party/SwiftShader/src/Vulkan/VkPhysicalDevice.cpp:649 WARNING: UNSUPPORTED: curExtension->sType: 1000437000
../../third_party/SwiftShader/src/Vulkan/VkPhysicalDevice.cpp:649 WARNING: UNSUPPORTED: curExtension->sType: 1000338000
../../third_party/SwiftShader/src/Vulkan/VkPhysicalDevice.cpp:649 WARNING: UNSUPPORTED: curExtension->sType: 1000437000
../../third_party/SwiftShader/src/Vulkan/VkPhysicalDevice.cpp:649 WARNING: UNSUPPORTED: curExtension->sType: 1000338000
../../third_party/SwiftShader/src/Vulkan/VkPhysicalDevice.cpp:649 WARNING: UNSUPPORTED: curExtension->sType: 1000437000
../../third_party/SwiftShader/src/Vulkan/VkPhysicalDevice.cpp:649 WARNING: UNSUPPORTED: curExtension->sType: 1000338000
../../third_party/SwiftShader/src/Vulkan/VkPhysicalDevice.cpp:649 WARNING: UNSUPPORTED: curExtension->sType: 1000437000
../../third_party/SwiftShader/src/Vulkan/VkPhysicalDevice.cpp:649 WARNING: UNSUPPORTED: curExtension->sType: 1000338000
../../third_party/SwiftShader/src/Vulkan/VkPhysicalDevice.cpp:649 WARNING: UNSUPPORTED: curExtension->sType: 1000437000
INFO         | Created VkDevice:0x131af8010 for application:'PhyToyEngine' instance:0x13b3dde00. ASTC emulation:off CPU decoding:off.
INFO         | Destroyed VkDevice:0x131af8010
INFO         | Destroyed VkInstance:0x13b3dde00 for application:'PhyToyEngine' engine:'PhyToyEngine'.
INFO         | Created VkInstance:0x11a7fac00 for application:'PhyToyEngine' engine:'PhyToyEngine'.
../../third_party/SwiftShader/src/Vulkan/VkPhysicalDevice.cpp:649 WARNING: UNSUPPORTED: curExtension->sType: 1000338000
../../third_party/SwiftShader/src/Vulkan/VkPhysicalDevice.cpp:649 WARNING: UNSUPPORTED: curExtension->sType: 1000437000
../../third_party/SwiftShader/src/Vulkan/VkPhysicalDevice.cpp:649 WARNING: UNSUPPORTED: curExtension->sType: 1000338000
../../third_party/SwiftShader/src/Vulkan/VkPhysicalDevice.cpp:649 WARNING: UNSUPPORTED: curExtension->sType: 1000437000
../../third_party/SwiftShader/src/Vulkan/VkPhysicalDevice.cpp:649 WARNING: UNSUPPORTED: curExtension->sType: 1000338000
../../third_party/SwiftShader/src/Vulkan/VkPhysicalDevice.cpp:649 WARNING: UNSUPPORTED: curExtension->sType: 1000437000
../../third_party/SwiftShader/src/Vulkan/VkPhysicalDevice.cpp:649 WARNING: UNSUPPORTED: curExtension->sType: 1000338000
../../third_party/SwiftShader/src/Vulkan/VkPhysicalDevice.cpp:649 WARNING: UNSUPPORTED: curExtension->sType: 1000437000
../../third_party/SwiftShader/src/Vulkan/VkPhysicalDevice.cpp:649 WARNING: UNSUPPORTED: curExtension->sType: 1000338000
../../third_party/SwiftShader/src/Vulkan/VkPhysicalDevice.cpp:649 WARNING: UNSUPPORTED: curExtension->sType: 1000437000
../../third_party/SwiftShader/src/Vulkan/VkPhysicalDevice.cpp:649 WARNING: UNSUPPORTED: curExtension->sType: 1000338000
../../third_party/SwiftShader/src/Vulkan/VkPhysicalDevice.cpp:649 WARNING: UNSUPPORTED: curExtension->sType: 1000437000
../../third_party/SwiftShader/src/Vulkan/VkPhysicalDevice.cpp:649 WARNING: UNSUPPORTED: curExtension->sType: 1000338000
../../third_party/SwiftShader/src/Vulkan/VkPhysicalDevice.cpp:649 WARNING: UNSUPPORTED: curExtension->sType: 1000437000
../../third_party/SwiftShader/src/Vulkan/VkPhysicalDevice.cpp:649 WARNING: UNSUPPORTED: curExtension->sType: 1000338000
../../third_party/SwiftShader/src/Vulkan/VkPhysicalDevice.cpp:649 WARNING: UNSUPPORTED: curExtension->sType: 1000437000
INFO         | Created VkDevice:0x131af8010 for application:'PhyToyEngine' instance:0x11a7fac00. ASTC emulation:off CPU decoding:off.
INFO         | Destroyed VkDevice:0x131af8010
INFO         | Destroyed VkInstance:0x11a7fac00 for application:'PhyToyEngine' engine:'PhyToyEngine'.
INFO         | Created VkInstance:0x11a7fac00 for application:'PhyToyEngine' engine:'PhyToyEngine'.
../../third_party/SwiftShader/src/Vulkan/VkPhysicalDevice.cpp:649 WARNING: UNSUPPORTED: curExtension->sType: 1000338000
../../third_party/SwiftShader/src/Vulkan/VkPhysicalDevice.cpp:649 WARNING: UNSUPPORTED: curExtension->sType: 1000437000
../../third_party/SwiftShader/src/Vulkan/VkPhysicalDevice.cpp:649 WARNING: UNSUPPORTED: curExtension->sType: 1000338000
../../third_party/SwiftShader/src/Vulkan/VkPhysicalDevice.cpp:649 WARNING: UNSUPPORTED: curExtension->sType: 1000437000
../../third_party/SwiftShader/src/Vulkan/VkPhysicalDevice.cpp:649 WARNING: UNSUPPORTED: curExtension->sType: 1000338000
../../third_party/SwiftShader/src/Vulkan/VkPhysicalDevice.cpp:649 WARNING: UNSUPPORTED: curExtension->sType: 1000437000
../../third_party/SwiftShader/src/Vulkan/VkPhysicalDevice.cpp:649 WARNING: UNSUPPORTED: curExtension->sType: 1000338000
../../third_party/SwiftShader/src/Vulkan/VkPhysicalDevice.cpp:649 WARNING: UNSUPPORTED: curExtension->sType: 1000437000
../../third_party/SwiftShader/src/Vulkan/VkPhysicalDevice.cpp:649 WARNING: UNSUPPORTED: curExtension->sType: 1000338000
../../third_party/SwiftShader/src/Vulkan/VkPhysicalDevice.cpp:649 WARNING: UNSUPPORTED: curExtension->sType: 1000437000
../../third_party/SwiftShader/src/Vulkan/VkPhysicalDevice.cpp:649 WARNING: UNSUPPORTED: curExtension->sType: 1000338000
../../third_party/SwiftShader/src/Vulkan/VkPhysicalDevice.cpp:649 WARNING: UNSUPPORTED: curExtension->sType: 1000437000
../../third_party/SwiftShader/src/Vulkan/VkPhysicalDevice.cpp:649 WARNING: UNSUPPORTED: curExtension->sType: 1000338000
../../third_party/SwiftShader/src/Vulkan/VkPhysicalDevice.cpp:649 WARNING: UNSUPPORTED: curExtension->sType: 1000437000
../../third_party/SwiftShader/src/Vulkan/VkPhysicalDevice.cpp:649 WARNING: UNSUPPORTED: curExtension->sType: 1000338000
../../third_party/SwiftShader/src/Vulkan/VkPhysicalDevice.cpp:649 WARNING: UNSUPPORTED: curExtension->sType: 1000437000
INFO         | Created VkDevice:0x178e38010 for application:'PhyToyEngine' instance:0x11a7fac00. ASTC emulation:off CPU decoding:off.
INFO         | Destroyed VkDevice:0x178e38010
INFO         | Destroyed VkInstance:0x11a7fac00 for application:'PhyToyEngine' engine:'PhyToyEngine'.
INFO         | Created VkInstance:0x31444f600 for application:'PhyToyEngine' engine:'PhyToyEngine'.
../../third_party/SwiftShader/src/Vulkan/VkPhysicalDevice.cpp:649 WARNING: UNSUPPORTED: curExtension->sType: 1000338000
../../third_party/SwiftShader/src/Vulkan/VkPhysicalDevice.cpp:649 WARNING: UNSUPPORTED: curExtension->sType: 1000437000
../../third_party/SwiftShader/src/Vulkan/VkPhysicalDevice.cpp:649 WARNING: UNSUPPORTED: curExtension->sType: 1000338000
../../third_party/SwiftShader/src/Vulkan/VkPhysicalDevice.cpp:649 WARNING: UNSUPPORTED: curExtension->sType: 1000437000
../../third_party/SwiftShader/src/Vulkan/VkPhysicalDevice.cpp:649 WARNING: UNSUPPORTED: curExtension->sType: 1000338000
../../third_party/SwiftShader/src/Vulkan/VkPhysicalDevice.cpp:649 WARNING: UNSUPPORTED: curExtension->sType: 1000437000
../../third_party/SwiftShader/src/Vulkan/VkPhysicalDevice.cpp:649 WARNING: UNSUPPORTED: curExtension->sType: 1000338000
../../third_party/SwiftShader/src/Vulkan/VkPhysicalDevice.cpp:649 WARNING: UNSUPPORTED: curExtension->sType: 1000437000
../../third_party/SwiftShader/src/Vulkan/VkPhysicalDevice.cpp:649 WARNING: UNSUPPORTED: curExtension->sType: 1000338000
../../third_party/SwiftShader/src/Vulkan/VkPhysicalDevice.cpp:649 WARNING: UNSUPPORTED: curExtension->sType: 1000437000
../../third_party/SwiftShader/src/Vulkan/VkPhysicalDevice.cpp:649 WARNING: UNSUPPORTED: curExtension->sType: 1000338000
../../third_party/SwiftShader/src/Vulkan/VkPhysicalDevice.cpp:649 WARNING: UNSUPPORTED: curExtension->sType: 1000437000
../../third_party/SwiftShader/src/Vulkan/VkPhysicalDevice.cpp:649 WARNING: UNSUPPORTED: curExtension->sType: 1000338000
../../third_party/SwiftShader/src/Vulkan/VkPhysicalDevice.cpp:649 WARNING: UNSUPPORTED: curExtension->sType: 1000437000
../../third_party/SwiftShader/src/Vulkan/VkPhysicalDevice.cpp:649 WARNING: UNSUPPORTED: curExtension->sType: 1000338000
../../third_party/SwiftShader/src/Vulkan/VkPhysicalDevice.cpp:649 WARNING: UNSUPPORTED: curExtension->sType: 1000437000
INFO         | Created VkDevice:0x178e38010 for application:'PhyToyEngine' instance:0x31444f600. ASTC emulation:off CPU decoding:off.
INFO         | Destroyed VkDevice:0x178e38010
INFO         | Destroyed VkInstance:0x31444f600 for application:'PhyToyEngine' engine:'PhyToyEngine'.
INFO         | Created VkInstance:0x31fbd1800 for application:'PhyToyEngine' engine:'PhyToyEngine'.
../../third_party/SwiftShader/src/Vulkan/VkPhysicalDevice.cpp:649 WARNING: UNSUPPORTED: curExtension->sType: 1000338000
../../third_party/SwiftShader/src/Vulkan/VkPhysicalDevice.cpp:649 WARNING: UNSUPPORTED: curExtension->sType: 1000437000
../../third_party/SwiftShader/src/Vulkan/VkPhysicalDevice.cpp:649 WARNING: UNSUPPORTED: curExtension->sType: 1000338000
../../third_party/SwiftShader/src/Vulkan/VkPhysicalDevice.cpp:649 WARNING: UNSUPPORTED: curExtension->sType: 1000437000
../../third_party/SwiftShader/src/Vulkan/VkPhysicalDevice.cpp:649 WARNING: UNSUPPORTED: curExtension->sType: 1000338000
../../third_party/SwiftShader/src/Vulkan/VkPhysicalDevice.cpp:649 WARNING: UNSUPPORTED: curExtension->sType: 1000437000
../../third_party/SwiftShader/src/Vulkan/VkPhysicalDevice.cpp:649 WARNING: UNSUPPORTED: curExtension->sType: 1000338000
../../third_party/SwiftShader/src/Vulkan/VkPhysicalDevice.cpp:649 WARNING: UNSUPPORTED: curExtension->sType: 1000437000
../../third_party/SwiftShader/src/Vulkan/VkPhysicalDevice.cpp:649 WARNING: UNSUPPORTED: curExtension->sType: 1000338000
../../third_party/SwiftShader/src/Vulkan/VkPhysicalDevice.cpp:649 WARNING: UNSUPPORTED: curExtension->sType: 1000437000
../../third_party/SwiftShader/src/Vulkan/VkPhysicalDevice.cpp:649 WARNING: UNSUPPORTED: curExtension->sType: 1000338000
../../third_party/SwiftShader/src/Vulkan/VkPhysicalDevice.cpp:649 WARNING: UNSUPPORTED: curExtension->sType: 1000437000
../../third_party/SwiftShader/src/Vulkan/VkPhysicalDevice.cpp:649 WARNING: UNSUPPORTED: curExtension->sType: 1000338000
../../third_party/SwiftShader/src/Vulkan/VkPhysicalDevice.cpp:649 WARNING: UNSUPPORTED: curExtension->sType: 1000437000
../../third_party/SwiftShader/src/Vulkan/VkPhysicalDevice.cpp:649 WARNING: UNSUPPORTED: curExtension->sType: 1000338000
../../third_party/SwiftShader/src/Vulkan/VkPhysicalDevice.cpp:649 WARNING: UNSUPPORTED: curExtension->sType: 1000437000
INFO         | Created VkDevice:0x1408e8010 for application:'PhyToyEngine' instance:0x31fbd1800. ASTC emulation:off CPU decoding:off.
INFO         | Destroyed VkDevice:0x1408e8010
INFO         | Destroyed VkInstance:0x31fbd1800 for application:'PhyToyEngine' engine:'PhyToyEngine'.
INFO         | Created VkInstance:0x31fbd1800 for application:'PhyToyEngine' engine:'PhyToyEngine'.
../../third_party/SwiftShader/src/Vulkan/VkPhysicalDevice.cpp:649 WARNING: UNSUPPORTED: curExtension->sType: 1000338000
../../third_party/SwiftShader/src/Vulkan/VkPhysicalDevice.cpp:649 WARNING: UNSUPPORTED: curExtension->sType: 1000437000
../../third_party/SwiftShader/src/Vulkan/VkPhysicalDevice.cpp:649 WARNING: UNSUPPORTED: curExtension->sType: 1000338000
../../third_party/SwiftShader/src/Vulkan/VkPhysicalDevice.cpp:649 WARNING: UNSUPPORTED: curExtension->sType: 1000437000
../../third_party/SwiftShader/src/Vulkan/VkPhysicalDevice.cpp:649 WARNING: UNSUPPORTED: curExtension->sType: 1000338000
../../third_party/SwiftShader/src/Vulkan/VkPhysicalDevice.cpp:649 WARNING: UNSUPPORTED: curExtension->sType: 1000437000
../../third_party/SwiftShader/src/Vulkan/VkPhysicalDevice.cpp:649 WARNING: UNSUPPORTED: curExtension->sType: 1000338000
../../third_party/SwiftShader/src/Vulkan/VkPhysicalDevice.cpp:649 WARNING: UNSUPPORTED: curExtension->sType: 1000437000
../../third_party/SwiftShader/src/Vulkan/VkPhysicalDevice.cpp:649 WARNING: UNSUPPORTED: curExtension->sType: 1000338000
../../third_party/SwiftShader/src/Vulkan/VkPhysicalDevice.cpp:649 WARNING: UNSUPPORTED: curExtension->sType: 1000437000
../../third_party/SwiftShader/src/Vulkan/VkPhysicalDevice.cpp:649 WARNING: UNSUPPORTED: curExtension->sType: 1000338000
../../third_party/SwiftShader/src/Vulkan/VkPhysicalDevice.cpp:649 WARNING: UNSUPPORTED: curExtension->sType: 1000437000
../../third_party/SwiftShader/src/Vulkan/VkPhysicalDevice.cpp:649 WARNING: UNSUPPORTED: curExtension->sType: 1000338000
../../third_party/SwiftShader/src/Vulkan/VkPhysicalDevice.cpp:649 WARNING: UNSUPPORTED: curExtension->sType: 1000437000
../../third_party/SwiftShader/src/Vulkan/VkPhysicalDevice.cpp:649 WARNING: UNSUPPORTED: curExtension->sType: 1000338000
../../third_party/SwiftShader/src/Vulkan/VkPhysicalDevice.cpp:649 WARNING: UNSUPPORTED: curExtension->sType: 1000437000
INFO         | Created VkDevice:0x135458010 for application:'PhyToyEngine' instance:0x31fbd1800. ASTC emulation:off CPU decoding:off.
INFO         | Destroyed VkDevice:0x135458010
INFO         | Destroyed VkInstance:0x31fbd1800 for application:'PhyToyEngine' engine:'PhyToyEngine'.
INFO         | Created VkInstance:0x1128c5e00 for application:'PhyToyEngine' engine:'PhyToyEngine'.
../../third_party/SwiftShader/src/Vulkan/VkPhysicalDevice.cpp:649 WARNING: UNSUPPORTED: curExtension->sType: 1000338000
../../third_party/SwiftShader/src/Vulkan/VkPhysicalDevice.cpp:649 WARNING: UNSUPPORTED: curExtension->sType: 1000437000
../../third_party/SwiftShader/src/Vulkan/VkPhysicalDevice.cpp:649 WARNING: UNSUPPORTED: curExtension->sType: 1000338000
../../third_party/SwiftShader/src/Vulkan/VkPhysicalDevice.cpp:649 WARNING: UNSUPPORTED: curExtension->sType: 1000437000
../../third_party/SwiftShader/src/Vulkan/VkPhysicalDevice.cpp:649 WARNING: UNSUPPORTED: curExtension->sType: 1000338000
../../third_party/SwiftShader/src/Vulkan/VkPhysicalDevice.cpp:649 WARNING: UNSUPPORTED: curExtension->sType: 1000437000
../../third_party/SwiftShader/src/Vulkan/VkPhysicalDevice.cpp:649 WARNING: UNSUPPORTED: curExtension->sType: 1000338000
../../third_party/SwiftShader/src/Vulkan/VkPhysicalDevice.cpp:649 WARNING: UNSUPPORTED: curExtension->sType: 1000437000
../../third_party/SwiftShader/src/Vulkan/VkPhysicalDevice.cpp:649 WARNING: UNSUPPORTED: curExtension->sType: 1000338000
../../third_party/SwiftShader/src/Vulkan/VkPhysicalDevice.cpp:649 WARNING: UNSUPPORTED: curExtension->sType: 1000437000
../../third_party/SwiftShader/src/Vulkan/VkPhysicalDevice.cpp:649 WARNING: UNSUPPORTED: curExtension->sType: 1000338000
../../third_party/SwiftShader/src/Vulkan/VkPhysicalDevice.cpp:649 WARNING: UNSUPPORTED: curExtension->sType: 1000437000
../../third_party/SwiftShader/src/Vulkan/VkPhysicalDevice.cpp:649 WARNING: UNSUPPORTED: curExtension->sType: 1000338000
../../third_party/SwiftShader/src/Vulkan/VkPhysicalDevice.cpp:649 WARNING: UNSUPPORTED: curExtension->sType: 1000437000
../../third_party/SwiftShader/src/Vulkan/VkPhysicalDevice.cpp:649 WARNING: UNSUPPORTED: curExtension->sType: 1000338000
../../third_party/SwiftShader/src/Vulkan/VkPhysicalDevice.cpp:649 WARNING: UNSUPPORTED: curExtension->sType: 1000437000
INFO         | Created VkDevice:0x129008010 for application:'PhyToyEngine' instance:0x1128c5e00. ASTC emulation:off CPU decoding:off.
INFO         | Destroyed VkDevice:0x129008010
INFO         | Destroyed VkInstance:0x1128c5e00 for application:'PhyToyEngine' engine:'PhyToyEngine'.
INFO         | Created VkInstance:0x1128c5e00 for application:'PhyToyEngine' engine:'PhyToyEngine'.
../../third_party/SwiftShader/src/Vulkan/VkPhysicalDevice.cpp:649 WARNING: UNSUPPORTED: curExtension->sType: 1000338000
../../third_party/SwiftShader/src/Vulkan/VkPhysicalDevice.cpp:649 WARNING: UNSUPPORTED: curExtension->sType: 1000437000
../../third_party/SwiftShader/src/Vulkan/VkPhysicalDevice.cpp:649 WARNING: UNSUPPORTED: curExtension->sType: 1000338000
../../third_party/SwiftShader/src/Vulkan/VkPhysicalDevice.cpp:649 WARNING: UNSUPPORTED: curExtension->sType: 1000437000
../../third_party/SwiftShader/src/Vulkan/VkPhysicalDevice.cpp:649 WARNING: UNSUPPORTED: curExtension->sType: 1000338000
../../third_party/SwiftShader/src/Vulkan/VkPhysicalDevice.cpp:649 WARNING: UNSUPPORTED: curExtension->sType: 1000437000
../../third_party/SwiftShader/src/Vulkan/VkPhysicalDevice.cpp:649 WARNING: UNSUPPORTED: curExtension->sType: 1000338000
../../third_party/SwiftShader/src/Vulkan/VkPhysicalDevice.cpp:649 WARNING: UNSUPPORTED: curExtension->sType: 1000437000
../../third_party/SwiftShader/src/Vulkan/VkPhysicalDevice.cpp:649 WARNING: UNSUPPORTED: curExtension->sType: 1000338000
../../third_party/SwiftShader/src/Vulkan/VkPhysicalDevice.cpp:649 WARNING: UNSUPPORTED: curExtension->sType: 1000437000
../../third_party/SwiftShader/src/Vulkan/VkPhysicalDevice.cpp:649 WARNING: UNSUPPORTED: curExtension->sType: 1000338000
../../third_party/SwiftShader/src/Vulkan/VkPhysicalDevice.cpp:649 WARNING: UNSUPPORTED: curExtension->sType: 1000437000
../../third_party/SwiftShader/src/Vulkan/VkPhysicalDevice.cpp:649 WARNING: UNSUPPORTED: curExtension->sType: 1000338000
../../third_party/SwiftShader/src/Vulkan/VkPhysicalDevice.cpp:649 WARNING: UNSUPPORTED: curExtension->sType: 1000437000
../../third_party/SwiftShader/src/Vulkan/VkPhysicalDevice.cpp:649 WARNING: UNSUPPORTED: curExtension->sType: 1000338000
../../third_party/SwiftShader/src/Vulkan/VkPhysicalDevice.cpp:649 WARNING: UNSUPPORTED: curExtension->sType: 1000437000
INFO         | Created VkDevice:0x17e110010 for application:'PhyToyEngine' instance:0x1128c5e00. ASTC emulation:off CPU decoding:off.
INFO         | Destroyed VkDevice:0x17e110010
INFO         | Destroyed VkInstance:0x1128c5e00 for application:'PhyToyEngine' engine:'PhyToyEngine'.
INFO         | Created VkInstance:0x31ffaee00 for application:'PhyToyEngine' engine:'PhyToyEngine'.
../../third_party/SwiftShader/src/Vulkan/VkPhysicalDevice.cpp:649 WARNING: UNSUPPORTED: curExtension->sType: 1000338000
../../third_party/SwiftShader/src/Vulkan/VkPhysicalDevice.cpp:649 WARNING: UNSUPPORTED: curExtension->sType: 1000437000
../../third_party/SwiftShader/src/Vulkan/VkPhysicalDevice.cpp:649 WARNING: UNSUPPORTED: curExtension->sType: 1000338000
../../third_party/SwiftShader/src/Vulkan/VkPhysicalDevice.cpp:649 WARNING: UNSUPPORTED: curExtension->sType: 1000437000
../../third_party/SwiftShader/src/Vulkan/VkPhysicalDevice.cpp:649 WARNING: UNSUPPORTED: curExtension->sType: 1000338000
../../third_party/SwiftShader/src/Vulkan/VkPhysicalDevice.cpp:649 WARNING: UNSUPPORTED: curExtension->sType: 1000437000
../../third_party/SwiftShader/src/Vulkan/VkPhysicalDevice.cpp:649 WARNING: UNSUPPORTED: curExtension->sType: 1000338000
../../third_party/SwiftShader/src/Vulkan/VkPhysicalDevice.cpp:649 WARNING: UNSUPPORTED: curExtension->sType: 1000437000
../../third_party/SwiftShader/src/Vulkan/VkPhysicalDevice.cpp:649 WARNING: UNSUPPORTED: curExtension->sType: 1000338000
../../third_party/SwiftShader/src/Vulkan/VkPhysicalDevice.cpp:649 WARNING: UNSUPPORTED: curExtension->sType: 1000437000
../../third_party/SwiftShader/src/Vulkan/VkPhysicalDevice.cpp:649 WARNING: UNSUPPORTED: curExtension->sType: 1000338000
../../third_party/SwiftShader/src/Vulkan/VkPhysicalDevice.cpp:649 WARNING: UNSUPPORTED: curExtension->sType: 1000437000
../../third_party/SwiftShader/src/Vulkan/VkPhysicalDevice.cpp:649 WARNING: UNSUPPORTED: curExtension->sType: 1000338000
../../third_party/SwiftShader/src/Vulkan/VkPhysicalDevice.cpp:649 WARNING: UNSUPPORTED: curExtension->sType: 1000437000
../../third_party/SwiftShader/src/Vulkan/VkPhysicalDevice.cpp:649 WARNING: UNSUPPORTED: curExtension->sType: 1000338000
../../third_party/SwiftShader/src/Vulkan/VkPhysicalDevice.cpp:649 WARNING: UNSUPPORTED: curExtension->sType: 1000437000
INFO         | Created VkDevice:0x17e110010 for application:'PhyToyEngine' instance:0x31ffaee00. ASTC emulation:off CPU decoding:off.
INFO         | Destroyed VkDevice:0x17e110010
INFO         | Destroyed VkInstance:0x31ffaee00 for application:'PhyToyEngine' engine:'PhyToyEngine'.
INFO         | Created VkInstance:0x31fbcdc00 for application:'PhyToyEngine' engine:'PhyToyEngine'.
../../third_party/SwiftShader/src/Vulkan/VkPhysicalDevice.cpp:649 WARNING: UNSUPPORTED: curExtension->sType: 1000338000
../../third_party/SwiftShader/src/Vulkan/VkPhysicalDevice.cpp:649 WARNING: UNSUPPORTED: curExtension->sType: 1000437000
../../third_party/SwiftShader/src/Vulkan/VkPhysicalDevice.cpp:649 WARNING: UNSUPPORTED: curExtension->sType: 1000338000
../../third_party/SwiftShader/src/Vulkan/VkPhysicalDevice.cpp:649 WARNING: UNSUPPORTED: curExtension->sType: 1000437000
../../third_party/SwiftShader/src/Vulkan/VkPhysicalDevice.cpp:649 WARNING: UNSUPPORTED: curExtension->sType: 1000338000
../../third_party/SwiftShader/src/Vulkan/VkPhysicalDevice.cpp:649 WARNING: UNSUPPORTED: curExtension->sType: 1000437000
../../third_party/SwiftShader/src/Vulkan/VkPhysicalDevice.cpp:649 WARNING: UNSUPPORTED: curExtension->sType: 1000338000
../../third_party/SwiftShader/src/Vulkan/VkPhysicalDevice.cpp:649 WARNING: UNSUPPORTED: curExtension->sType: 1000437000
../../third_party/SwiftShader/src/Vulkan/VkPhysicalDevice.cpp:649 WARNING: UNSUPPORTED: curExtension->sType: 1000338000
../../third_party/SwiftShader/src/Vulkan/VkPhysicalDevice.cpp:649 WARNING: UNSUPPORTED: curExtension->sType: 1000437000
../../third_party/SwiftShader/src/Vulkan/VkPhysicalDevice.cpp:649 WARNING: UNSUPPORTED: curExtension->sType: 1000338000
../../third_party/SwiftShader/src/Vulkan/VkPhysicalDevice.cpp:649 WARNING: UNSUPPORTED: curExtension->sType: 1000437000
../../third_party/SwiftShader/src/Vulkan/VkPhysicalDevice.cpp:649 WARNING: UNSUPPORTED: curExtension->sType: 1000338000
../../third_party/SwiftShader/src/Vulkan/VkPhysicalDevice.cpp:649 WARNING: UNSUPPORTED: curExtension->sType: 1000437000
../../third_party/SwiftShader/src/Vulkan/VkPhysicalDevice.cpp:649 WARNING: UNSUPPORTED: curExtension->sType: 1000338000
../../third_party/SwiftShader/src/Vulkan/VkPhysicalDevice.cpp:649 WARNING: UNSUPPORTED: curExtension->sType: 1000437000
INFO         | Created VkDevice:0x17e110010 for application:'PhyToyEngine' instance:0x31fbcdc00. ASTC emulation:off CPU decoding:off.
INFO         | Destroyed VkDevice:0x17e110010
INFO         | Destroyed VkInstance:0x31fbcdc00 for application:'PhyToyEngine' engine:'PhyToyEngine'.
INFO         | Created VkInstance:0x32009b000 for application:'PhyToyEngine' engine:'PhyToyEngine'.
../../third_party/SwiftShader/src/Vulkan/VkPhysicalDevice.cpp:649 WARNING: UNSUPPORTED: curExtension->sType: 1000338000
../../third_party/SwiftShader/src/Vulkan/VkPhysicalDevice.cpp:649 WARNING: UNSUPPORTED: curExtension->sType: 1000437000
../../third_party/SwiftShader/src/Vulkan/VkPhysicalDevice.cpp:649 WARNING: UNSUPPORTED: curExtension->sType: 1000338000
../../third_party/SwiftShader/src/Vulkan/VkPhysicalDevice.cpp:649 WARNING: UNSUPPORTED: curExtension->sType: 1000437000
../../third_party/SwiftShader/src/Vulkan/VkPhysicalDevice.cpp:649 WARNING: UNSUPPORTED: curExtension->sType: 1000338000
../../third_party/SwiftShader/src/Vulkan/VkPhysicalDevice.cpp:649 WARNING: UNSUPPORTED: curExtension->sType: 1000437000
../../third_party/SwiftShader/src/Vulkan/VkPhysicalDevice.cpp:649 WARNING: UNSUPPORTED: curExtension->sType: 1000338000
../../third_party/SwiftShader/src/Vulkan/VkPhysicalDevice.cpp:649 WARNING: UNSUPPORTED: curExtension->sType: 1000437000
../../third_party/SwiftShader/src/Vulkan/VkPhysicalDevice.cpp:649 WARNING: UNSUPPORTED: curExtension->sType: 1000338000
../../third_party/SwiftShader/src/Vulkan/VkPhysicalDevice.cpp:649 WARNING: UNSUPPORTED: curExtension->sType: 1000437000
../../third_party/SwiftShader/src/Vulkan/VkPhysicalDevice.cpp:649 WARNING: UNSUPPORTED: curExtension->sType: 1000338000
../../third_party/SwiftShader/src/Vulkan/VkPhysicalDevice.cpp:649 WARNING: UNSUPPORTED: curExtension->sType: 1000437000
../../third_party/SwiftShader/src/Vulkan/VkPhysicalDevice.cpp:649 WARNING: UNSUPPORTED: curExtension->sType: 1000338000
../../third_party/SwiftShader/src/Vulkan/VkPhysicalDevice.cpp:649 WARNING: UNSUPPORTED: curExtension->sType: 1000437000
../../third_party/SwiftShader/src/Vulkan/VkPhysicalDevice.cpp:649 WARNING: UNSUPPORTED: curExtension->sType: 1000338000
../../third_party/SwiftShader/src/Vulkan/VkPhysicalDevice.cpp:649 WARNING: UNSUPPORTED: curExtension->sType: 1000437000
INFO         | Created VkDevice:0x126be8010 for application:'PhyToyEngine' instance:0x32009b000. ASTC emulation:off CPU decoding:off.
INFO         | Destroyed VkDevice:0x126be8010
INFO         | Destroyed VkInstance:0x32009b000 for application:'PhyToyEngine' engine:'PhyToyEngine'.
INFO         | Created VkInstance:0x3200ff200 for application:'PhyToyEngine' engine:'PhyToyEngine'.
../../third_party/SwiftShader/src/Vulkan/VkPhysicalDevice.cpp:649 WARNING: UNSUPPORTED: curExtension->sType: 1000338000
../../third_party/SwiftShader/src/Vulkan/VkPhysicalDevice.cpp:649 WARNING: UNSUPPORTED: curExtension->sType: 1000437000
../../third_party/SwiftShader/src/Vulkan/VkPhysicalDevice.cpp:649 WARNING: UNSUPPORTED: curExtension->sType: 1000338000
../../third_party/SwiftShader/src/Vulkan/VkPhysicalDevice.cpp:649 WARNING: UNSUPPORTED: curExtension->sType: 1000437000
../../third_party/SwiftShader/src/Vulkan/VkPhysicalDevice.cpp:649 WARNING: UNSUPPORTED: curExtension->sType: 1000338000
../../third_party/SwiftShader/src/Vulkan/VkPhysicalDevice.cpp:649 WARNING: UNSUPPORTED: curExtension->sType: 1000437000
../../third_party/SwiftShader/src/Vulkan/VkPhysicalDevice.cpp:649 WARNING: UNSUPPORTED: curExtension->sType: 1000338000
../../third_party/SwiftShader/src/Vulkan/VkPhysicalDevice.cpp:649 WARNING: UNSUPPORTED: curExtension->sType: 1000437000
../../third_party/SwiftShader/src/Vulkan/VkPhysicalDevice.cpp:649 WARNING: UNSUPPORTED: curExtension->sType: 1000338000
../../third_party/SwiftShader/src/Vulkan/VkPhysicalDevice.cpp:649 WARNING: UNSUPPORTED: curExtension->sType: 1000437000
../../third_party/SwiftShader/src/Vulkan/VkPhysicalDevice.cpp:649 WARNING: UNSUPPORTED: curExtension->sType: 1000338000
../../third_party/SwiftShader/src/Vulkan/VkPhysicalDevice.cpp:649 WARNING: UNSUPPORTED: curExtension->sType: 1000437000
../../third_party/SwiftShader/src/Vulkan/VkPhysicalDevice.cpp:649 WARNING: UNSUPPORTED: curExtension->sType: 1000338000
../../third_party/SwiftShader/src/Vulkan/VkPhysicalDevice.cpp:649 WARNING: UNSUPPORTED: curExtension->sType: 1000437000
../../third_party/SwiftShader/src/Vulkan/VkPhysicalDevice.cpp:649 WARNING: UNSUPPORTED: curExtension->sType: 1000338000
../../third_party/SwiftShader/src/Vulkan/VkPhysicalDevice.cpp:649 WARNING: UNSUPPORTED: curExtension->sType: 1000437000
INFO         | Created VkDevice:0x17a998010 for application:'PhyToyEngine' instance:0x3200ff200. ASTC emulation:off CPU decoding:off.
INFO         | Destroyed VkDevice:0x17a998010
INFO         | Destroyed VkInstance:0x3200ff200 for application:'PhyToyEngine' engine:'PhyToyEngine'.
INFO         | Created VkInstance:0x3142e4000 for application:'PhyToyEngine' engine:'PhyToyEngine'.
../../third_party/SwiftShader/src/Vulkan/VkPhysicalDevice.cpp:649 WARNING: UNSUPPORTED: curExtension->sType: 1000338000
../../third_party/SwiftShader/src/Vulkan/VkPhysicalDevice.cpp:649 WARNING: UNSUPPORTED: curExtension->sType: 1000437000
../../third_party/SwiftShader/src/Vulkan/VkPhysicalDevice.cpp:649 WARNING: UNSUPPORTED: curExtension->sType: 1000338000
../../third_party/SwiftShader/src/Vulkan/VkPhysicalDevice.cpp:649 WARNING: UNSUPPORTED: curExtension->sType: 1000437000
../../third_party/SwiftShader/src/Vulkan/VkPhysicalDevice.cpp:649 WARNING: UNSUPPORTED: curExtension->sType: 1000338000
../../third_party/SwiftShader/src/Vulkan/VkPhysicalDevice.cpp:649 WARNING: UNSUPPORTED: curExtension->sType: 1000437000
../../third_party/SwiftShader/src/Vulkan/VkPhysicalDevice.cpp:649 WARNING: UNSUPPORTED: curExtension->sType: 1000338000
../../third_party/SwiftShader/src/Vulkan/VkPhysicalDevice.cpp:649 WARNING: UNSUPPORTED: curExtension->sType: 1000437000
../../third_party/SwiftShader/src/Vulkan/VkPhysicalDevice.cpp:649 WARNING: UNSUPPORTED: curExtension->sType: 1000338000
../../third_party/SwiftShader/src/Vulkan/VkPhysicalDevice.cpp:649 WARNING: UNSUPPORTED: curExtension->sType: 1000437000
../../third_party/SwiftShader/src/Vulkan/VkPhysicalDevice.cpp:649 WARNING: UNSUPPORTED: curExtension->sType: 1000338000
../../third_party/SwiftShader/src/Vulkan/VkPhysicalDevice.cpp:649 WARNING: UNSUPPORTED: curExtension->sType: 1000437000
../../third_party/SwiftShader/src/Vulkan/VkPhysicalDevice.cpp:649 WARNING: UNSUPPORTED: curExtension->sType: 1000338000
../../third_party/SwiftShader/src/Vulkan/VkPhysicalDevice.cpp:649 WARNING: UNSUPPORTED: curExtension->sType: 1000437000
../../third_party/SwiftShader/src/Vulkan/VkPhysicalDevice.cpp:649 WARNING: UNSUPPORTED: curExtension->sType: 1000338000
../../third_party/SwiftShader/src/Vulkan/VkPhysicalDevice.cpp:649 WARNING: UNSUPPORTED: curExtension->sType: 1000437000
INFO         | Created VkDevice:0x142498010 for application:'PhyToyEngine' instance:0x3142e4000. ASTC emulation:off CPU decoding:off.
INFO         | Destroyed VkDevice:0x142498010
INFO         | Destroyed VkInstance:0x3142e4000 for application:'PhyToyEngine' engine:'PhyToyEngine'.
INFO         | Created VkInstance:0x31426a400 for application:'PhyToyEngine' engine:'PhyToyEngine'.
../../third_party/SwiftShader/src/Vulkan/VkPhysicalDevice.cpp:649 WARNING: UNSUPPORTED: curExtension->sType: 1000338000
../../third_party/SwiftShader/src/Vulkan/VkPhysicalDevice.cpp:649 WARNING: UNSUPPORTED: curExtension->sType: 1000437000
../../third_party/SwiftShader/src/Vulkan/VkPhysicalDevice.cpp:649 WARNING: UNSUPPORTED: curExtension->sType: 1000338000
../../third_party/SwiftShader/src/Vulkan/VkPhysicalDevice.cpp:649 WARNING: UNSUPPORTED: curExtension->sType: 1000437000
../../third_party/SwiftShader/src/Vulkan/VkPhysicalDevice.cpp:649 WARNING: UNSUPPORTED: curExtension->sType: 1000338000
../../third_party/SwiftShader/src/Vulkan/VkPhysicalDevice.cpp:649 WARNING: UNSUPPORTED: curExtension->sType: 1000437000
../../third_party/SwiftShader/src/Vulkan/VkPhysicalDevice.cpp:649 WARNING: UNSUPPORTED: curExtension->sType: 1000338000
../../third_party/SwiftShader/src/Vulkan/VkPhysicalDevice.cpp:649 WARNING: UNSUPPORTED: curExtension->sType: 1000437000
../../third_party/SwiftShader/src/Vulkan/VkPhysicalDevice.cpp:649 WARNING: UNSUPPORTED: curExtension->sType: 1000338000
../../third_party/SwiftShader/src/Vulkan/VkPhysicalDevice.cpp:649 WARNING: UNSUPPORTED: curExtension->sType: 1000437000
../../third_party/SwiftShader/src/Vulkan/VkPhysicalDevice.cpp:649 WARNING: UNSUPPORTED: curExtension->sType: 1000338000
../../third_party/SwiftShader/src/Vulkan/VkPhysicalDevice.cpp:649 WARNING: UNSUPPORTED: curExtension->sType: 1000437000
../../third_party/SwiftShader/src/Vulkan/VkPhysicalDevice.cpp:649 WARNING: UNSUPPORTED: curExtension->sType: 1000338000
../../third_party/SwiftShader/src/Vulkan/VkPhysicalDevice.cpp:649 WARNING: UNSUPPORTED: curExtension->sType: 1000437000
../../third_party/SwiftShader/src/Vulkan/VkPhysicalDevice.cpp:649 WARNING: UNSUPPORTED: curExtension->sType: 1000338000
../../third_party/SwiftShader/src/Vulkan/VkPhysicalDevice.cpp:649 WARNING: UNSUPPORTED: curExtension->sType: 1000437000
INFO         | Created VkDevice:0x131b88010 for application:'PhyToyEngine' instance:0x31426a400. ASTC emulation:off CPU decoding:off.
ERROR        | Cannot sync colorbuffers, vkWaitForFences failed: VK_TIMEOUT [2]
INFO         | Destroyed VkDevice:0x131b88010
INFO         | Destroyed VkInstance:0x31426a400 for application:'PhyToyEngine' engine:'PhyToyEngine'.
INFO         | Created VkInstance:0x320738200 for application:'PhyToyEngine' engine:'PhyToyEngine'.
../../third_party/SwiftShader/src/Vulkan/VkPhysicalDevice.cpp:649 WARNING: UNSUPPORTED: curExtension->sType: 1000338000
../../third_party/SwiftShader/src/Vulkan/VkPhysicalDevice.cpp:649 WARNING: UNSUPPORTED: curExtension->sType: 1000437000
../../third_party/SwiftShader/src/Vulkan/VkPhysicalDevice.cpp:649 WARNING: UNSUPPORTED: curExtension->sType: 1000338000
../../third_party/SwiftShader/src/Vulkan/VkPhysicalDevice.cpp:649 WARNING: UNSUPPORTED: curExtension->sType: 1000437000
../../third_party/SwiftShader/src/Vulkan/VkPhysicalDevice.cpp:649 WARNING: UNSUPPORTED: curExtension->sType: 1000338000
../../third_party/SwiftShader/src/Vulkan/VkPhysicalDevice.cpp:649 WARNING: UNSUPPORTED: curExtension->sType: 1000437000
../../third_party/SwiftShader/src/Vulkan/VkPhysicalDevice.cpp:649 WARNING: UNSUPPORTED: curExtension->sType: 1000338000
../../third_party/SwiftShader/src/Vulkan/VkPhysicalDevice.cpp:649 WARNING: UNSUPPORTED: curExtension->sType: 1000437000
../../third_party/SwiftShader/src/Vulkan/VkPhysicalDevice.cpp:649 WARNING: UNSUPPORTED: curExtension->sType: 1000338000
../../third_party/SwiftShader/src/Vulkan/VkPhysicalDevice.cpp:649 WARNING: UNSUPPORTED: curExtension->sType: 1000437000
../../third_party/SwiftShader/src/Vulkan/VkPhysicalDevice.cpp:649 WARNING: UNSUPPORTED: curExtension->sType: 1000338000
../../third_party/SwiftShader/src/Vulkan/VkPhysicalDevice.cpp:649 WARNING: UNSUPPORTED: curExtension->sType: 1000437000
../../third_party/SwiftShader/src/Vulkan/VkPhysicalDevice.cpp:649 WARNING: UNSUPPORTED: curExtension->sType: 1000338000
../../third_party/SwiftShader/src/Vulkan/VkPhysicalDevice.cpp:649 WARNING: UNSUPPORTED: curExtension->sType: 1000437000
../../third_party/SwiftShader/src/Vulkan/VkPhysicalDevice.cpp:649 WARNING: UNSUPPORTED: curExtension->sType: 1000338000
../../third_party/SwiftShader/src/Vulkan/VkPhysicalDevice.cpp:649 WARNING: UNSUPPORTED: curExtension->sType: 1000437000
INFO         | Created VkDevice:0x134d90010 for application:'PhyToyEngine' instance:0x320738200. ASTC emulation:off CPU decoding:off.
INFO         | Destroyed VkDevice:0x134d90010
INFO         | Destroyed VkInstance:0x320738200 for application:'PhyToyEngine' engine:'PhyToyEngine'.
INFO         | Created VkInstance:0x3141e5000 for application:'PhyToyEngine' engine:'PhyToyEngine'.
../../third_party/SwiftShader/src/Vulkan/VkPhysicalDevice.cpp:649 WARNING: UNSUPPORTED: curExtension->sType: 1000338000
../../third_party/SwiftShader/src/Vulkan/VkPhysicalDevice.cpp:649 WARNING: UNSUPPORTED: curExtension->sType: 1000437000
../../third_party/SwiftShader/src/Vulkan/VkPhysicalDevice.cpp:649 WARNING: UNSUPPORTED: curExtension->sType: 1000338000
../../third_party/SwiftShader/src/Vulkan/VkPhysicalDevice.cpp:649 WARNING: UNSUPPORTED: curExtension->sType: 1000437000
../../third_party/SwiftShader/src/Vulkan/VkPhysicalDevice.cpp:649 WARNING: UNSUPPORTED: curExtension->sType: 1000338000
../../third_party/SwiftShader/src/Vulkan/VkPhysicalDevice.cpp:649 WARNING: UNSUPPORTED: curExtension->sType: 1000437000
../../third_party/SwiftShader/src/Vulkan/VkPhysicalDevice.cpp:649 WARNING: UNSUPPORTED: curExtension->sType: 1000338000
../../third_party/SwiftShader/src/Vulkan/VkPhysicalDevice.cpp:649 WARNING: UNSUPPORTED: curExtension->sType: 1000437000
../../third_party/SwiftShader/src/Vulkan/VkPhysicalDevice.cpp:649 WARNING: UNSUPPORTED: curExtension->sType: 1000338000
../../third_party/SwiftShader/src/Vulkan/VkPhysicalDevice.cpp:649 WARNING: UNSUPPORTED: curExtension->sType: 1000437000
../../third_party/SwiftShader/src/Vulkan/VkPhysicalDevice.cpp:649 WARNING: UNSUPPORTED: curExtension->sType: 1000338000
../../third_party/SwiftShader/src/Vulkan/VkPhysicalDevice.cpp:649 WARNING: UNSUPPORTED: curExtension->sType: 1000437000
../../third_party/SwiftShader/src/Vulkan/VkPhysicalDevice.cpp:649 WARNING: UNSUPPORTED: curExtension->sType: 1000338000
../../third_party/SwiftShader/src/Vulkan/VkPhysicalDevice.cpp:649 WARNING: UNSUPPORTED: curExtension->sType: 1000437000
../../third_party/SwiftShader/src/Vulkan/VkPhysicalDevice.cpp:649 WARNING: UNSUPPORTED: curExtension->sType: 1000338000
../../third_party/SwiftShader/src/Vulkan/VkPhysicalDevice.cpp:649 WARNING: UNSUPPORTED: curExtension->sType: 1000437000
INFO         | Created VkDevice:0x134d90010 for application:'PhyToyEngine' instance:0x3141e5000. ASTC emulation:off CPU decoding:off.
INFO         | Destroyed VkDevice:0x134d90010
INFO         | Destroyed VkInstance:0x3141e5000 for application:'PhyToyEngine' engine:'PhyToyEngine'.
INFO         | Created VkInstance:0x112be3400 for application:'PhyToyEngine' engine:'PhyToyEngine'.
../../third_party/SwiftShader/src/Vulkan/VkPhysicalDevice.cpp:649 WARNING: UNSUPPORTED: curExtension->sType: 1000338000
../../third_party/SwiftShader/src/Vulkan/VkPhysicalDevice.cpp:649 WARNING: UNSUPPORTED: curExtension->sType: 1000437000
../../third_party/SwiftShader/src/Vulkan/VkPhysicalDevice.cpp:649 WARNING: UNSUPPORTED: curExtension->sType: 1000338000
../../third_party/SwiftShader/src/Vulkan/VkPhysicalDevice.cpp:649 WARNING: UNSUPPORTED: curExtension->sType: 1000437000
../../third_party/SwiftShader/src/Vulkan/VkPhysicalDevice.cpp:649 WARNING: UNSUPPORTED: curExtension->sType: 1000338000
../../third_party/SwiftShader/src/Vulkan/VkPhysicalDevice.cpp:649 WARNING: UNSUPPORTED: curExtension->sType: 1000437000
../../third_party/SwiftShader/src/Vulkan/VkPhysicalDevice.cpp:649 WARNING: UNSUPPORTED: curExtension->sType: 1000338000
../../third_party/SwiftShader/src/Vulkan/VkPhysicalDevice.cpp:649 WARNING: UNSUPPORTED: curExtension->sType: 1000437000
../../third_party/SwiftShader/src/Vulkan/VkPhysicalDevice.cpp:649 WARNING: UNSUPPORTED: curExtension->sType: 1000338000
../../third_party/SwiftShader/src/Vulkan/VkPhysicalDevice.cpp:649 WARNING: UNSUPPORTED: curExtension->sType: 1000437000
../../third_party/SwiftShader/src/Vulkan/VkPhysicalDevice.cpp:649 WARNING: UNSUPPORTED: curExtension->sType: 1000338000
../../third_party/SwiftShader/src/Vulkan/VkPhysicalDevice.cpp:649 WARNING: UNSUPPORTED: curExtension->sType: 1000437000
../../third_party/SwiftShader/src/Vulkan/VkPhysicalDevice.cpp:649 WARNING: UNSUPPORTED: curExtension->sType: 1000338000
../../third_party/SwiftShader/src/Vulkan/VkPhysicalDevice.cpp:649 WARNING: UNSUPPORTED: curExtension->sType: 1000437000
../../third_party/SwiftShader/src/Vulkan/VkPhysicalDevice.cpp:649 WARNING: UNSUPPORTED: curExtension->sType: 1000338000
../../third_party/SwiftShader/src/Vulkan/VkPhysicalDevice.cpp:649 WARNING: UNSUPPORTED: curExtension->sType: 1000437000
INFO         | Created VkDevice:0x3283b0010 for application:'PhyToyEngine' instance:0x112be3400. ASTC emulation:off CPU decoding:off.
INFO         | Destroyed VkDevice:0x3283b0010
INFO         | Destroyed VkInstance:0x112be3400 for application:'PhyToyEngine' engine:'PhyToyEngine'.
INFO         | Created VkInstance:0x11a408600 for application:'PhyToyEngine' engine:'PhyToyEngine'.
../../third_party/SwiftShader/src/Vulkan/VkPhysicalDevice.cpp:649 WARNING: UNSUPPORTED: curExtension->sType: 1000338000
../../third_party/SwiftShader/src/Vulkan/VkPhysicalDevice.cpp:649 WARNING: UNSUPPORTED: curExtension->sType: 1000437000
../../third_party/SwiftShader/src/Vulkan/VkPhysicalDevice.cpp:649 WARNING: UNSUPPORTED: curExtension->sType: 1000338000
../../third_party/SwiftShader/src/Vulkan/VkPhysicalDevice.cpp:649 WARNING: UNSUPPORTED: curExtension->sType: 1000437000
../../third_party/SwiftShader/src/Vulkan/VkPhysicalDevice.cpp:649 WARNING: UNSUPPORTED: curExtension->sType: 1000338000
../../third_party/SwiftShader/src/Vulkan/VkPhysicalDevice.cpp:649 WARNING: UNSUPPORTED: curExtension->sType: 1000437000
../../third_party/SwiftShader/src/Vulkan/VkPhysicalDevice.cpp:649 WARNING: UNSUPPORTED: curExtension->sType: 1000338000
../../third_party/SwiftShader/src/Vulkan/VkPhysicalDevice.cpp:649 WARNING: UNSUPPORTED: curExtension->sType: 1000437000
../../third_party/SwiftShader/src/Vulkan/VkPhysicalDevice.cpp:649 WARNING: UNSUPPORTED: curExtension->sType: 1000338000
../../third_party/SwiftShader/src/Vulkan/VkPhysicalDevice.cpp:649 WARNING: UNSUPPORTED: curExtension->sType: 1000437000
../../third_party/SwiftShader/src/Vulkan/VkPhysicalDevice.cpp:649 WARNING: UNSUPPORTED: curExtension->sType: 1000338000
../../third_party/SwiftShader/src/Vulkan/VkPhysicalDevice.cpp:649 WARNING: UNSUPPORTED: curExtension->sType: 1000437000
../../third_party/SwiftShader/src/Vulkan/VkPhysicalDevice.cpp:649 WARNING: UNSUPPORTED: curExtension->sType: 1000338000
../../third_party/SwiftShader/src/Vulkan/VkPhysicalDevice.cpp:649 WARNING: UNSUPPORTED: curExtension->sType: 1000437000
../../third_party/SwiftShader/src/Vulkan/VkPhysicalDevice.cpp:649 WARNING: UNSUPPORTED: curExtension->sType: 1000338000
../../third_party/SwiftShader/src/Vulkan/VkPhysicalDevice.cpp:649 WARNING: UNSUPPORTED: curExtension->sType: 1000437000
INFO         | Created VkDevice:0x3283b0010 for application:'PhyToyEngine' instance:0x11a408600. ASTC emulation:off CPU decoding:off.
INFO         | Destroyed VkDevice:0x3283b0010
INFO         | Destroyed VkInstance:0x11a408600 for application:'PhyToyEngine' engine:'PhyToyEngine'.
INFO         | Created VkInstance:0x31f8b9c00 for application:'PhyToyEngine' engine:'PhyToyEngine'.
../../third_party/SwiftShader/src/Vulkan/VkPhysicalDevice.cpp:649 WARNING: UNSUPPORTED: curExtension->sType: 1000338000
../../third_party/SwiftShader/src/Vulkan/VkPhysicalDevice.cpp:649 WARNING: UNSUPPORTED: curExtension->sType: 1000437000
../../third_party/SwiftShader/src/Vulkan/VkPhysicalDevice.cpp:649 WARNING: UNSUPPORTED: curExtension->sType: 1000338000
../../third_party/SwiftShader/src/Vulkan/VkPhysicalDevice.cpp:649 WARNING: UNSUPPORTED: curExtension->sType: 1000437000
../../third_party/SwiftShader/src/Vulkan/VkPhysicalDevice.cpp:649 WARNING: UNSUPPORTED: curExtension->sType: 1000338000
../../third_party/SwiftShader/src/Vulkan/VkPhysicalDevice.cpp:649 WARNING: UNSUPPORTED: curExtension->sType: 1000437000
../../third_party/SwiftShader/src/Vulkan/VkPhysicalDevice.cpp:649 WARNING: UNSUPPORTED: curExtension->sType: 1000338000
../../third_party/SwiftShader/src/Vulkan/VkPhysicalDevice.cpp:649 WARNING: UNSUPPORTED: curExtension->sType: 1000437000
../../third_party/SwiftShader/src/Vulkan/VkPhysicalDevice.cpp:649 WARNING: UNSUPPORTED: curExtension->sType: 1000338000
../../third_party/SwiftShader/src/Vulkan/VkPhysicalDevice.cpp:649 WARNING: UNSUPPORTED: curExtension->sType: 1000437000
../../third_party/SwiftShader/src/Vulkan/VkPhysicalDevice.cpp:649 WARNING: UNSUPPORTED: curExtension->sType: 1000338000
../../third_party/SwiftShader/src/Vulkan/VkPhysicalDevice.cpp:649 WARNING: UNSUPPORTED: curExtension->sType: 1000437000
../../third_party/SwiftShader/src/Vulkan/VkPhysicalDevice.cpp:649 WARNING: UNSUPPORTED: curExtension->sType: 1000338000
../../third_party/SwiftShader/src/Vulkan/VkPhysicalDevice.cpp:649 WARNING: UNSUPPORTED: curExtension->sType: 1000437000
../../third_party/SwiftShader/src/Vulkan/VkPhysicalDevice.cpp:649 WARNING: UNSUPPORTED: curExtension->sType: 1000338000
../../third_party/SwiftShader/src/Vulkan/VkPhysicalDevice.cpp:649 WARNING: UNSUPPORTED: curExtension->sType: 1000437000
INFO         | Created VkDevice:0x17df80010 for application:'PhyToyEngine' instance:0x31f8b9c00. ASTC emulation:off CPU decoding:off.
INFO         | Destroyed VkDevice:0x17df80010
INFO         | Destroyed VkInstance:0x31f8b9c00 for application:'PhyToyEngine' engine:'PhyToyEngine'.
INFO         | Created VkInstance:0x11a27ba00 for application:'PhyToyEngine' engine:'PhyToyEngine'.
../../third_party/SwiftShader/src/Vulkan/VkPhysicalDevice.cpp:649 WARNING: UNSUPPORTED: curExtension->sType: 1000338000
../../third_party/SwiftShader/src/Vulkan/VkPhysicalDevice.cpp:649 WARNING: UNSUPPORTED: curExtension->sType: 1000437000
../../third_party/SwiftShader/src/Vulkan/VkPhysicalDevice.cpp:649 WARNING: UNSUPPORTED: curExtension->sType: 1000338000
../../third_party/SwiftShader/src/Vulkan/VkPhysicalDevice.cpp:649 WARNING: UNSUPPORTED: curExtension->sType: 1000437000
../../third_party/SwiftShader/src/Vulkan/VkPhysicalDevice.cpp:649 WARNING: UNSUPPORTED: curExtension->sType: 1000338000
../../third_party/SwiftShader/src/Vulkan/VkPhysicalDevice.cpp:649 WARNING: UNSUPPORTED: curExtension->sType: 1000437000
../../third_party/SwiftShader/src/Vulkan/VkPhysicalDevice.cpp:649 WARNING: UNSUPPORTED: curExtension->sType: 1000338000
../../third_party/SwiftShader/src/Vulkan/VkPhysicalDevice.cpp:649 WARNING: UNSUPPORTED: curExtension->sType: 1000437000
../../third_party/SwiftShader/src/Vulkan/VkPhysicalDevice.cpp:649 WARNING: UNSUPPORTED: curExtension->sType: 1000338000
../../third_party/SwiftShader/src/Vulkan/VkPhysicalDevice.cpp:649 WARNING: UNSUPPORTED: curExtension->sType: 1000437000
../../third_party/SwiftShader/src/Vulkan/VkPhysicalDevice.cpp:649 WARNING: UNSUPPORTED: curExtension->sType: 1000338000
../../third_party/SwiftShader/src/Vulkan/VkPhysicalDevice.cpp:649 WARNING: UNSUPPORTED: curExtension->sType: 1000437000
../../third_party/SwiftShader/src/Vulkan/VkPhysicalDevice.cpp:649 WARNING: UNSUPPORTED: curExtension->sType: 1000338000
../../third_party/SwiftShader/src/Vulkan/VkPhysicalDevice.cpp:649 WARNING: UNSUPPORTED: curExtension->sType: 1000437000
../../third_party/SwiftShader/src/Vulkan/VkPhysicalDevice.cpp:649 WARNING: UNSUPPORTED: curExtension->sType: 1000338000
../../third_party/SwiftShader/src/Vulkan/VkPhysicalDevice.cpp:649 WARNING: UNSUPPORTED: curExtension->sType: 1000437000
INFO         | Created VkDevice:0x131b88010 for application:'PhyToyEngine' instance:0x11a27ba00. ASTC emulation:off CPU decoding:off.
INFO         | Destroyed VkDevice:0x131b88010
INFO         | Destroyed VkInstance:0x11a27ba00 for application:'PhyToyEngine' engine:'PhyToyEngine'.
INFO         | Created VkInstance:0x31fbd4c00 for application:'PhyToyEngine' engine:'PhyToyEngine'.
../../third_party/SwiftShader/src/Vulkan/VkPhysicalDevice.cpp:649 WARNING: UNSUPPORTED: curExtension->sType: 1000338000
../../third_party/SwiftShader/src/Vulkan/VkPhysicalDevice.cpp:649 WARNING: UNSUPPORTED: curExtension->sType: 1000437000
../../third_party/SwiftShader/src/Vulkan/VkPhysicalDevice.cpp:649 WARNING: UNSUPPORTED: curExtension->sType: 1000338000
../../third_party/SwiftShader/src/Vulkan/VkPhysicalDevice.cpp:649 WARNING: UNSUPPORTED: curExtension->sType: 1000437000
../../third_party/SwiftShader/src/Vulkan/VkPhysicalDevice.cpp:649 WARNING: UNSUPPORTED: curExtension->sType: 1000338000
../../third_party/SwiftShader/src/Vulkan/VkPhysicalDevice.cpp:649 WARNING: UNSUPPORTED: curExtension->sType: 1000437000
../../third_party/SwiftShader/src/Vulkan/VkPhysicalDevice.cpp:649 WARNING: UNSUPPORTED: curExtension->sType: 1000338000
../../third_party/SwiftShader/src/Vulkan/VkPhysicalDevice.cpp:649 WARNING: UNSUPPORTED: curExtension->sType: 1000437000
../../third_party/SwiftShader/src/Vulkan/VkPhysicalDevice.cpp:649 WARNING: UNSUPPORTED: curExtension->sType: 1000338000
../../third_party/SwiftShader/src/Vulkan/VkPhysicalDevice.cpp:649 WARNING: UNSUPPORTED: curExtension->sType: 1000437000
../../third_party/SwiftShader/src/Vulkan/VkPhysicalDevice.cpp:649 WARNING: UNSUPPORTED: curExtension->sType: 1000338000
../../third_party/SwiftShader/src/Vulkan/VkPhysicalDevice.cpp:649 WARNING: UNSUPPORTED: curExtension->sType: 1000437000
../../third_party/SwiftShader/src/Vulkan/VkPhysicalDevice.cpp:649 WARNING: UNSUPPORTED: curExtension->sType: 1000338000
../../third_party/SwiftShader/src/Vulkan/VkPhysicalDevice.cpp:649 WARNING: UNSUPPORTED: curExtension->sType: 1000437000
../../third_party/SwiftShader/src/Vulkan/VkPhysicalDevice.cpp:649 WARNING: UNSUPPORTED: curExtension->sType: 1000338000
../../third_party/SwiftShader/src/Vulkan/VkPhysicalDevice.cpp:649 WARNING: UNSUPPORTED: curExtension->sType: 1000437000
INFO         | Created VkDevice:0x134d90010 for application:'PhyToyEngine' instance:0x31fbd4c00. ASTC emulation:off CPU decoding:off.
INFO         | Destroyed VkDevice:0x134d90010
INFO         | Destroyed VkInstance:0x31fbd4c00 for application:'PhyToyEngine' engine:'PhyToyEngine'.
INFO         | Created VkInstance:0x13d374000 for application:'PhyToyEngine' engine:'PhyToyEngine'.
../../third_party/SwiftShader/src/Vulkan/VkPhysicalDevice.cpp:649 WARNING: UNSUPPORTED: curExtension->sType: 1000338000
../../third_party/SwiftShader/src/Vulkan/VkPhysicalDevice.cpp:649 WARNING: UNSUPPORTED: curExtension->sType: 1000437000
../../third_party/SwiftShader/src/Vulkan/VkPhysicalDevice.cpp:649 WARNING: UNSUPPORTED: curExtension->sType: 1000338000
../../third_party/SwiftShader/src/Vulkan/VkPhysicalDevice.cpp:649 WARNING: UNSUPPORTED: curExtension->sType: 1000437000
../../third_party/SwiftShader/src/Vulkan/VkPhysicalDevice.cpp:649 WARNING: UNSUPPORTED: curExtension->sType: 1000338000
../../third_party/SwiftShader/src/Vulkan/VkPhysicalDevice.cpp:649 WARNING: UNSUPPORTED: curExtension->sType: 1000437000
../../third_party/SwiftShader/src/Vulkan/VkPhysicalDevice.cpp:649 WARNING: UNSUPPORTED: curExtension->sType: 1000338000
../../third_party/SwiftShader/src/Vulkan/VkPhysicalDevice.cpp:649 WARNING: UNSUPPORTED: curExtension->sType: 1000437000
../../third_party/SwiftShader/src/Vulkan/VkPhysicalDevice.cpp:649 WARNING: UNSUPPORTED: curExtension->sType: 1000338000
../../third_party/SwiftShader/src/Vulkan/VkPhysicalDevice.cpp:649 WARNING: UNSUPPORTED: curExtension->sType: 1000437000
../../third_party/SwiftShader/src/Vulkan/VkPhysicalDevice.cpp:649 WARNING: UNSUPPORTED: curExtension->sType: 1000338000
../../third_party/SwiftShader/src/Vulkan/VkPhysicalDevice.cpp:649 WARNING: UNSUPPORTED: curExtension->sType: 1000437000
../../third_party/SwiftShader/src/Vulkan/VkPhysicalDevice.cpp:649 WARNING: UNSUPPORTED: curExtension->sType: 1000338000
../../third_party/SwiftShader/src/Vulkan/VkPhysicalDevice.cpp:649 WARNING: UNSUPPORTED: curExtension->sType: 1000437000
../../third_party/SwiftShader/src/Vulkan/VkPhysicalDevice.cpp:649 WARNING: UNSUPPORTED: curExtension->sType: 1000338000
../../third_party/SwiftShader/src/Vulkan/VkPhysicalDevice.cpp:649 WARNING: UNSUPPORTED: curExtension->sType: 1000437000
INFO         | Created VkDevice:0x122028010 for application:'PhyToyEngine' instance:0x13d374000. ASTC emulation:off CPU decoding:off.
